data,Szczepienia,,Zaszczepieni,,,,,,NOP,,,,,,,,dawki szczepionki #,,,,płeć,,,wiek,,,,,,,,Województwa,,,,,,,,,,,,,,,,,,,,,,,,,,,,,,,,komentarz autora
,suma wykonanych szczpień,dzienna liczba szczpień,liczba zaszczepionych osób 1 dawką,%,zaszczepieni I z dwóch dawek,%,całkowicie zaszczepieni,%,#,%,łagodne,poważne,ciężkie,zgon,K,M,w Polsce,w punktach,zutylizowane,wykorzystane + zutylizowane,K,M,?,18-30,31-40,41-50,51-60,61-70,71-75,76+,?,dolnośląskie,,kujawsko-pomorskie,,lubelskie,,lubuskie,,łódzkie,,małopolskie,,mazowieckie,,opolskie,,podkarpackie,,podlaskie,,pomorskie,,śląskie,,świętokrzyskie,,warmińsko-mazurskie,,wielkopolskie,,zachodniopomorskie,,
,,,,,,,,,,,,,,,,,,,,,,,,,,,,,,,,ogółem,całkowicie,ogółem,całkowicie,ogółem,całkowicie,ogółem,całkowicie,ogółem,całkowicie,ogółem,całkowicie,ogółem,całkowicie,ogółem,całkowicie,ogółem,całkowicie,ogółem,całkowicie,ogółem,całkowicie,ogółem,całkowicie,ogółem,całkowicie,ogółem,całkowicie,ogółem,całkowicie,ogółem,całkowicie,
28.12.2020,3 853,3 853,3 853,"0,01%",3 853,"0,01%",0,"0,00%",0,"0,000%",0,0,0,0,0,0,,,,3 853,,,,,,,,,,,,,0,,0,,0,,0,,0,,0,,0,,0,,0,,0,,0,,0,,0,,0,,0,,0,
29.12.2020,8 121,4 268,8 121,"0,03%",8 121,"0,03%",0,"0,00%",0,"0,000%",0,0,0,0,0,0,,,,8 121,,,,,,,,,,,,,0,,0,,0,,0,,0,,0,,0,,0,,0,,0,,0,,0,,0,,0,,0,,0,
30.12.2020,17 998,9 877,17 998,"0,06%",17 998,"0,06%",0,"0,00%",0,"0,000%",0,0,0,0,0,0,,,,17 998,,,,,,,,,,,,,0,,0,,0,,0,,0,,0,,0,,0,,0,,0,,0,,0,,0,,0,,0,,0,
31.12.2020,38 022,20 024,38 022,"0,12%",38 022,"0,12%",0,"0,00%",2,"0,005%",2,0,0,0,2,0,,,,38 022,,,,,,,,,,,,,0,,0,,0,,0,,0,,0,,0,,0,,0,,0,,0,,0,,0,,0,,0,,0,
1.01.2021,47 919,9 897,47 919,"0,15%",47 919,"0,15%",0,"0,00%",2,"0,004%",2,0,0,0,2,0,,,,47 919,,,,,,,,,,,,,0,,0,,0,,0,,0,,0,,0,,0,,0,,0,,0,,0,,0,,0,,0,,0,
2.01.2021,48 717,798,48 717,"0,15%",48 717,"0,15%",0,"0,00%",2,"0,004%",2,0,0,0,2,0,,,,48 717,,,,,,,,,,,,,0,,0,,0,,0,,0,,0,,0,,0,,0,,0,,0,,0,,0,,0,,0,,0,
3.01.2021,50 446,1 729,50 446,"0,16%",50 446,"0,16%",0,"0,00%",2,"0,004%",2,0,0,0,2,0,,,,50 446,,,,,,,,,,,,,0,,0,,0,,0,,0,,0,,0,,0,,0,,0,,0,,0,,0,,0,,0,,0,
4.01.2021,50 833,387,50 833,"0,16%",50 833,"0,16%",0,"0,00%",2,"0,004%",2,0,0,0,2,0,,,,50 833,,,,,,,,,,,,,0,,0,,0,,0,,0,,0,,0,,0,,0,,0,,0,,0,,0,,0,,0,,0,
5.01.2021,92 200,41 367,92 200,"0,29%",92 200,"0,29%",0,"0,00%",4,"0,004%",4,0,0,0,4,0,,,,92 200,,,,,,,,,,,,,0,,0,,0,,0,,0,,0,,0,,0,,0,,0,,0,,0,,0,,0,,0,,0,
6.01.2021,140 226,48 026,140 226,"0,44%",140 226,"0,44%",0,"0,00%",6,"0,004%",5,1,0,0,6,0,660 000,204 285,135,140 361,,,,,,,,,,,,,0,,0,,0,,0,,0,,0,,0,,0,,0,,0,,0,,0,,0,,0,,0,,0,
7.01.2021,160 359,20 133,160 359,"0,51%",160 359,"0,51%",0,"0,00%",8,"0,005%",7,1,0,0,7,1,697 320,204 375,167,160 526,,,,,,,,,,,,,0,,0,,0,,0,,0,,0,,0,,0,,0,,0,,0,,0,,0,,0,,0,,0,
8.01.2021,188 956,28 597,188 956,"0,60%",188 956,"0,60%",0,"0,00%",18,"0,010%",15,3,0,0,17,1,697 320,204 375,238,189 194,,,,,,,,,,,,,0,,0,,0,,0,,0,,0,,0,,0,,0,,0,,0,,0,,0,,0,,0,,0,
9.01.2021,198 787,9 831,198 787,"0,63%",198 787,"0,63%",0,"0,00%",31,"0,016%",26,4,1,0,27,4,697 320,204 375,365,199 152,,,,,,,,,,,,,0,,0,,0,,0,,0,,0,,0,,0,,0,,0,,0,,0,,0,,0,,0,,0,
10.01.2021,200 022,1 235,200 022,"0,63%",200 022,"0,63%",0,"0,00%",31,"0,015%",26,4,1,0,27,4,697 320,204 375,365,200 387,,,,,,,,,,,,,0,,0,,0,,0,,0,,0,,0,,0,,0,,0,,0,,0,,0,,0,,0,,0,
11.01.2021,203 053,3 031,203 053,"0,64%",203 053,"0,64%",0,"0,00%",32,"0,016%",27,4,1,0,28,4,1 051 830,456 915,392,203 445,,,,,,,,,,,,,0,,0,,0,,0,,0,,0,,0,,0,,0,,0,,0,,0,,0,,0,,0,,0,
12.01.2021,257 834,54 781,257 834,"0,81%",257 834,"0,81%",0,"0,00%",37,"0,014%",32,4,1,0,33,4,1 051 830,456 915,660,258 494,,,,,,,,,,,,,0,,0,,0,,0,,0,,0,,0,,0,,0,,0,,0,,0,,0,,0,,0,,0,
13.01.2021,309 602,51 768,309 602,"0,98%",309 602,"0,98%",0,"0,00%",50,"0,016%",41,8,1,0,46,4,1 051 830,483 465,786,310 388,,,,,,,,,,,,,0,,0,,0,,0,,0,,0,,0,,0,,0,,0,,0,,0,,0,,0,,0,,0,
14.01.2021,369 212,59 610,369 212,"1,16%",369 212,"1,16%",0,"0,00%",64,"0,017%",52,11,1,0,64,4,1 080 630,521 220,909,370 121,,,,,,,,,,,,,0,,0,,0,,0,,0,,0,,0,,0,,0,,0,,0,,0,,0,,0,,0,,0,
15.01.2021,410 480,41 268,410 480,"1,29%",410 480,"1,29%",0,"0,00%",91,"0,022%",72,18,1,0,81,10,1 080 630,521 220,1 084,411 564,301 103,109 264,113,59 200,68 200,98 100,114 200,56 100,7 800,6 600,341,38 207,0,21 297,0,22 571,0,8 116,0,28 920,0,30 893,0,64 967,0,11 343,0,14 631,0,11 755,0,28 180,0,46 076,0,11 422,0,16 582,0,36 525,0,18 995,0,
16.01.2021,436 963,26 483,436 963,"1,38%",436 963,"1,38%",0,"0,00%",122,"0,028%",97,25,2,0,109,13,1 080 630,521 220,1 360,438 323,321 124,115 701,138,64 600,72 900,104 000,120 300,59 400,8 300,7 100,377,40 632,0,22 133,0,24 354,0,8 719,0,31 358,0,33 025,0,69 344,0,11 825,0,16 218,0,12 600,0,30 133,0,48 334,0,11 733,0,17 236,0,39 174,0,20 145,0,
17.01.2021,457 303,20 340,457 303,"1,44%",457 303,"1,44%",,"0,00%",131,"0,029%",103,26,2,0,116,15,1 080 630,521 220,1 369,458 672,336 138,121 001,164,68 200,76 500,108 700,125 100,62 300,8 700,7 500,410,43 423,,22 375,,25 222,,9 278,,34 544,,33 865,,73 502,,11 915,,17 658,,13 091,,31 191,,50 894,,11 890,,17 660,,40 167,,20 628,,
18.01.2021,469 466,12 163,469 466,"1,48%",469 466,"1,48%",,"0,00%",133,"0,028%",104,27,2,0,118,15,1 080 630,647 325,1 428,470 894,344 944,124 341,181,70 600,78 700,111 400,127 700,63 800,8 900,7 800,442,45 152,,22 598,,25 917,,9 756,,36 434,,34 428,,76 576,,11 915,,18 172,,13 162,,32 127,,52 574,,11 944,,17 832,,40 167,,20 712,,
19.01.2021,495 164,25 698,491 634,"1,55%",488 104,"1,54%",3 530,"0,01%",164,"0,033%",129,31,4,0,146,18,1 257 300,709 215,1 686,496 850,362 311,132 668,185,73 400,82 500,116 700,133 100,67 700,9 900,11 300,462,47 357,615,23 468,140,27 351,340,10 710,153,38 102,548,36 525,199,81 617,599,12 443,1,19 679,164,13 853,91,33 518,150,55 458,217,12 802,16,18 737,140,41 904,110,21 640,47,
20.01.2021,541 229,46 065,530 056,"1,67%",518 883,"1,63%",11 173,"0,04%",195,"0,036%",154,37,4,0,172,23,1 257 300,757 755,1 753,542 982,392 091,148 933,205,77 200,88 000,124 500,142 200,75 300,12 200,21 400,510,51 517,1 129,26 034,596,29 687,687,11 642,321,41 100,993,40 613,1 009,87 835,1 286,14 209,333,21 626,440,15 538,398,35 946,408,61 215,1 225,14 237,134,20 245,338,46 373,1 468,23 411,408,
21.01.2021,591 785,50 556,566 794,"1,79%",541 803,"1,71%",24 991,"0,08%",235,"0,040%",188,39,7,0,205,29,1 257 300,789 585,1 834,593 619,425 237,166 325,223,81 200,94 100,133 100,152 600,82 800,14 400,33 000,555,55 285,2 588,29 267,1 662,32 360,1 301,12 866,675,44 615,1 924,44 537,1 967,94 345,2 679,16 201,991,24 035,1 137,17 094,909,39 452,1 597,66 999,2 352,15 886,532,21 969,737,50 818,2 750,26 055,1 190,
22.01.2021,644 999,53 214,605 314,"1,91%",565 629,"1,78%",39 685,"0,13%",283,"0,044%",231,43,7,0,245,37,1 257 300,789 585,1 905,646 904,461 186,183 529,284,86 100,101 200,143 000,163 900,90 700,16 400,43 200,642,59 306,4 122,32 178,2 510,35 094,1 817,14 243,1 234,48 172,3 258,49 186,2 879,101 818,4 481,18 279,1 405,26 332,1 844,18 784,1 543,43 422,3 038,73 110,3 447,17 603,1 000,23 532,954,55 848,4 380,28 091,1 773,
23.01.2021,684 277,39 278,638 799,"2,01%",593 321,"1,87%",45 478,"0,14%",361,"0,053%",303,48,7,1,312,47,1 257 300,1 213 815,1 905,686 182,489 134,194 792,351,91 700,107 400,151 100,172 100,95 900,17 800,47 700,743,61 388,4 367,34 547,2 776,37 695,1 991,15 091,1 463,50 711,4 016,53 232,3 273,108 179,5 421,18 975,1 568,28 286,2 070,20 241,1 982,46 755,3 866,77 459,3 810,18 720,1 187,24 564,996,59 076,4 732,29 357,1 960,
24.01.2021,701 164,16 887,654 185,"2,06%",607 206,"1,91%",46 979,"0,15%",376,"0,054%",315,49,8,1,326,48,1 257 300,1 213 815,1 905,703 069,500 938,199 786,440,94 900,109 900,154 100,175 200,98 200,18 600,49 400,849,62 594,4 457,35 616,2 794,38 721,2 064,15 552,1 529,51 782,4 180,54 344,3 273,111 631,6 056,19 237,1 570,29 055,2 074,20 656,1 997,47 672,4 109,79 605,3 882,19 099,1 187,24 763,996,61 046,4 776,29 790,2 035,
25.01.2021,707 474,6 310,659 754,"2,08%",612 034,"1,93%",47 720,"0,15%",378,"0,053%",318,49,8,1,329,48,1 257 300,1 213 815,1 905,709 379,505 315,201 717,442,96 400,110 900,155 100,176 200,98 900,18 900,50 200,858,62 824,4 456,35 918,2 794,39 257,2 161,15 754,1 529,52 281,4 193,54 446,3 273,112 806,6 456,19 340,1 570,29 392,2 074,20 841,2 007,48 206,4 295,80 816,3 886,19 171,1 187,24 795,996,61 601,4 808,30 025,2 035,
26.01.2021,776 987,69 513,701 223,"2,21%",625 459,"1,97%",75 764,"0,24%",435,"0,056%",367,52,8,2,377,53,1 622 340,1 225 455,2 335,779 322,552 351,224 152,484,102 600,118 500,166 000,188 800,105 900,20 800,73 500,928,68 917,7 584,39 150,3 966,43 680,3 833,17 836,2 002,56 794,6 224,60 332,5 088,123 466,10 987,21 369,2 574,31 720,2 921,23 208,2 672,52 739,6 207,88 807,7 352,21 268,2 008,27 064,1 998,67 330,7 173,33 306,3 175,
27.01.2021,905 457,128 470,782 414,"2,46%",659 371,"2,08%",123 043,"0,39%",494,"0,055%",413,63,11,2,437,57,1 622 340,1 247 435,2 486,907 943,638 416,266 504,537,111 600,129 900,182 100,207 700,116 500,24 100,132 600,1 000,79 685,11 686,46 093,6 557,50 852,6 262,21 130,2 817,65 254,9 547,70 792,8 417,142 752,18 020,25 142,4 339,37 475,4 341,28 264,4 178,60 441,9 279,104 099,13 585,25 557,3 642,31 173,3 757,78 254,11 623,38 463,4 993,
28.01.2021,1 008 253,102 796,858 475,"2,70%",708 697,"2,23%",149 778,"0,47%",588,"0,058%",493,77,14,3,511,77,1 622 340,1 247 435,2 486,1 010 739,707 483,300 186,584,118 600,138 800,194 000,220 800,124 400,27 700,182 800,1 100,87 575,13 948,51 071,7 773,56 716,7 615,23 973,3 252,72 215,11 857,79 756,10 074,157 546,21 267,28 644,5 199,42 782,5 346,31 719,4 941,66 488,11 470,116 209,17 320,28 820,4 370,34 389,4 776,87 540,14 359,42 723,6 211,
29.01.2021,1 097 036,88 783,917 909,"2,89%",738 782,"2,33%",179 127,"0,56%",703,"0,064%",597,88,14,3,616,87,1 622 340,1 247 435,2 486,1 099 522,767 990,328 358,688,126 200,147 500,206 000,233 900,132 000,31 200,219 000,1 200,95 146,16 560,56 104,9 784,62 048,9 117,26 211,3 786,78 088,14 026,87 590,12 718,171 363,26 227,31 123,6 026,47 475,6 173,34 472,5 693,71 452,13 647,125 477,20 425,31 450,4 919,37 270,5 733,94 800,16 835,46 851,7 458,
30.01.2021,1 141 081,44 045,945 601,"2,98%",750 121,"2,36%",195 480,"0,62%",834,"0,073%",708,105,15,4,723,110,1 622 340,1 247 435,2 486,1 143 567,798 822,341 550,709,131 500,152 900,213 300,241 700,136 800,33 500,230 300,1 300,99 079,18 270,58 438,10 698,64 521,9 779,27 585,4 170,81 139,15 323,91 415,14 214,178 643,29 015,32 028,6 317,49 383,6 671,35 734,6 086,74 199,14 761,129 571,21 974,32 467,5 188,38 515,6 103,99 628,18 775,48 690,8 136,
31.01.2021,1 156 931,15 850,958 454,"3,02%",759 977,"2,39%",198 477,"0,63%",863,"0,075%",733,109,15,4,748,115,1 622 340,1 247 435,2 486,1 159 417,809 757,346 451,723,133 600,154 900,215 600,243 800,138 400,34 500,234 900,1 300,101 188,19 104,59 145,10 723,64 971,9 792,28 144,4 247,82 331,15 651,92 780,14 248,181 466,29 697,32 250,6 317,49 845,6 688,35 845,6 097,75 532,15 371,130 875,22 155,32 731,5 188,38 961,6 265,101 001,18 779,49 720,8 155,
1.02.2021,1 176 904,19 973,976 368,"3,08%",775 832,"2,44%",200 536,"0,63%",871,"0,074%",737,110,18,4,754,117,1 664 340,1 247 435,2 979,1 179 883,822 233,352 201,2 470,136 700,157 400,218 600,246 900,140 400,35 400,238 500,3 000,104 141,19 964,59 730,10 725,65 944,9 795,28 794,4 250,83 534,15 685,93 798,14 255,185 499,30 222,32 675,6 318,50 192,6 689,36 182,6 121,78 246,15 940,132 035,22 169,33 076,5 188,39 449,6 267,102 713,18 782,50 750,8 166,
2.02.2021,1 231 716,54 812,998 588,"3,15%",765 460,"2,41%",233 128,"0,73%",926,"0,075%",782,120,18,4,796,127,1 986 090,1 724 285,3 062,1 234 778,861 089,368 117,2 510,142 000,163 700,227 700,257 500,146 400,38 300,252 900,3 100,109 132,23 304,62 253,12 273,69 405,11 821,30 181,4 781,87 232,17 929,98 584,16 841,194 150,35 330,34 135,7 344,52 219,7 681,37 801,7 143,81 684,18 076,137 915,26 200,34 652,6 062,41 058,7 141,107 276,21 320,53 881,9 882,
3.02.2021,1 342 435,110 719,1 053 246,"3,32%",764 057,"2,41%",289 189,"0,91%",1007,"0,075%",844,134,21,6,866,138,1 986 090,1 780 255,3 170,1 345 605,937 558,402 301,2 576,150 500,174 000,242 700,274 500,157 400,45 300,294 800,3 200,118 541,28 605,67 749,15 102,76 554,15 014,33 121,5 951,95 072,21 498,107 232,20 843,211 472,45 030,36 983,8 727,57 573,9 761,41 895,8 939,88 694,21 675,149 944,33 134,38 188,7 934,44 901,9 193,115 660,25 391,58 662,12 392,
4.02.2021,1 461 578,119 143,1 117 147,"3,52%",772 716,"2,43%",344 431,"1,08%",1096,"0,075%",915,145,25,9,941,152,1 986 090,1 780 255,3 238,1 464 816,1 019 000,439 617,2 711,160 500,184 500,257 400,290 200,168 600,53 900,343 200,3 300,129 151,33 540,73 097,17 500,83 611,18 379,35 864,7 078,103 323,25 298,117 533,25 221,231 652,55 433,39 963,9 969,63 196,11 617,45 837,10 320,95 673,25 330,162 909,39 532,41 700,9 352,49 118,11 367,125 050,29 667,63 685,14 828,
5.02.2021,1 566 604,105 026,1 171 230,"3,69%",775 856,"2,44%",395 374,"1,25%",1249,"0,080%",1050,159,28,10,1072,174,1 986 090,1 780 255,3 238,1 569 842,1 091 000,472 469,2 769,171 300,194 600,270 800,304 400,178 700,62 000,381 400,3 400,138 821,37 796,77 991,20 243,89 823,21 447,37 735,7 976,110 205,28 790,126 741,29 294,249 326,65 010,42 657,11 158,68 346,13 427,49 372,11 760,101 830,28 767,174 092,44 694,44 740,10 722,52 767,13 160,133 361,33 891,68 562,17 239,
6.02.2021,1 617 764,51 160,1 193 035,"3,76%",768 306,"2,42%",424 729,"1,34%",1372,"0,085%",1155,171,33,11,1173,196,1 986 090,1 780 255,3 238,1 621 002,1 127 000,487 431,2 910,178 200,200 700,278 900,312 800,184 500,65 700,393 400,3 600,144 056,40 693,80 078,21 380,93 127,23 305,38 687,8 683,113 182,30 798,131 110,31 428,259 077,70 622,43 644,11 755,71 100,14 708,50 644,12 405,104 300,30 509,178 164,46 919,45 870,11 249,54 457,14 154,138 740,37 410,71 293,18 711,
7.02.2021,1 641 158,23 394,1 200 794,"3,78%",760 430,"2,40%",440 364,"1,39%",1393,"0,085%",1173,173,34,11,1192,198,1 986 090,1 780 255,3 238,1 644 396,1 144 000,494 382,3 065,181 700,203 800,282 900,316 800,187 600,67 600,397 100,3 700,147 723,43 484,80 329,21 381,94 017,24 046,39 090,9 047,116 161,33 458,132 487,31 940,263 987,74 161,43 976,11 891,72 577,15 680,50 886,12 586,105 148,31 175,180 818,49 022,46 160,11 324,54 639,14 308,140 287,37 838,72 638,19 023,
8.02.2021,1 656 708,15 550,1 206 213,"3,80%",755 718,"2,38%",450 495,"1,42%",1405,"0,085%",1183,175,34,11,1202,200,2 432 640,1 971 810,3 451,1 660 159,1 155 000,498 958,3 129,184 800,206 000,285 400,319 400,189 400,68 800,399 200,3 800,149 820,45 060,80 706,21 605,94 424,24 295,39 535,9 465,118 469,35 491,133 621,32 423,267 701,76 740,44 090,11 897,72 965,15 981,50 906,12 596,106 029,31 973,182 367,50 224,46 262,11 324,54 891,14 551,141 069,37 844,73 618,19 026,
9.02.2021,1 688 465,31 757,1 226 130,"3,86%",763 795,"2,41%",462 335,"1,46%",1487,"0,088%",1256,181,36,11,1274,209,2 432 640,1 971 810,3 487,1 691 952,1 175 000,509 863,3 146,187 400,208 500,288 400,322 200,192 700,73 000,412 300,3 800,152 210,45 607,81 840,21 965,96 435,24 872,40 239,9 734,120 633,36 566,136 981,33 563,273 623,79 378,44 751,11 910,74 378,16 707,51 594,12 755,108 213,32 991,185 348,51 095,46 971,11 575,56 002,15 093,144 059,39 110,74 941,19 414,
10.02.2021,1 773 715,85 250,1 291 570,"4,07%",809 425,"2,55%",482 145,"1,52%",1549,"0,087%",1299,199,37,11,1332,213,2 432 640,2 057 550,3 549,1 777 264,1 230 000,540 341,3 155,190 700,212 900,294 000,327 800,201 000,85 900,457 500,3 800,158 809,47 038,86 156,22 874,101 554,25 834,42 428,10 190,126 163,37 615,143 831,34 660,286 503,82 041,46 905,12 425,79 019,18 182,54 924,13 272,114 000,34 421,194 863,53 390,50 134,12 300,59 458,16 213,150 747,41 542,77 922,20 148,
11.02.2021,1 884 113,110 398,1 360 193,"4,28%",836 273,"2,63%",523 920,"1,65%",1610,"0,085%",1318,202,37,11,1385,221,2 432 640,2 334 140,3 630,1 887 743,1 300 000,581 197,3 164,195 500,219 300,302 500,336 900,214 300,102 700,509 000,3 900,168 059,50 652,91 537,25 114,108 104,28 071,45 319,11 277,133 828,40 542,152 489,38 094,303 409,88 587,50 080,13 727,85 589,20 510,58 780,14 471,120 382,36 533,206 817,58 335,53 477,13 718,63 239,17 528,159 799,44 859,82 799,21 902,
12.02.2021,1 993 739,109 626,1 413 133,"4,45%",832 527,"2,62%",580 606,"1,83%",1683,"0,084%",1376,215,39,11,1447,232,2 432 640,2 334 140,3 630,1 997 369,1 369 000,621 093,3 245,201 400,227 000,313 000,348 300,228 600,118 300,553 000,4 000,176 112,54 311,96 530,27 713,114 654,31 220,48 138,12 599,141 066,44 169,162 240,43 762,319 141,97 021,53 564,15 977,91 140,22 836,62 699,16 317,127 996,40 618,219 828,65 658,57 078,15 722,67 470,19 590,168 162,48 871,87 502,24 222,
13.02.2021,2 071 009,77 270,1 446 103,"4,56%",821 197,"2,59%",624 906,"1,97%",1759,"0,085%",1433,227,43,14,1509,246,2 432 640,2 334 140,3 630,2 074 639,1 423 000,644 935,3 324,208 300,236 600,325 300,360 600,238 100,126 500,571 500,4 100,181 297,56 982,100 496,30 265,119 549,33 909,50 172,13 492,146 445,47 331,169 050,48 201,330 556,103 831,55 634,17 221,94 716,24 552,65 613,17 913,133 068,43 723,228 922,71 929,59 617,17 177,70 202,20 876,174 469,51 949,90 779,25 555,
14.02.2021,2 107 089,36 080,1 466 440,"4,62%",825 791,"2,60%",640 649,"2,02%",1773,"0,084%",1444,227,45,15,1519,250,2 432 640,2 334 140,3 630,2 110 719,1 448 000,655 618,3 365,211 800,241 500,331 400,366 500,242 200,130 900,578 500,4 200,184 614,58 152,102 877,31 922,121 406,34 864,51 168,13 710,148 951,48 554,171 996,49 297,336 350,106 734,56 388,17 460,97 061,25 286,66 388,18 193,135 779,44 482,233 280,74 230,60 500,17 478,70 824,21 066,177 233,53 313,91 850,25 908,
15.02.2021,2 122 245,15 156,1 476 275,"4,65%",830 305,"2,62%",645 970,"2,03%",1775,"0,084%",1445,227,46,15,1521,250,3 048 710,2 338 140,3 820,2 126 065,1 459 000,660 319,3 373,213 400,243 300,333 500,368 400,244 100,133 700,581 700,4 200,185 823,58 526,103 648,32 234,122 169,35 087,51 698,13 958,149 892,48 901,172 746,49 366,339 821,107 599,56 490,17 562,98 028,25 409,66 769,18 313,136 951,44 726,235 465,75 398,60 829,17 642,70 904,21 137,178 181,54 018,92 407,26 094,
16.02.2021,2 159 146,36 901,1 500 912,"4,73%",842 678,"2,65%",658 234,"2,07%",1848,"0,086%",1509,234,48,15,1586,258,3 048 710,2 448 340,3 929,2 163 075,1 486 000,669 674,3 404,216 500,249 000,341 000,375 700,246 100,136 500,590 100,4 200,189 324,59 387,105 249,32 740,124 669,35 900,52 557,14 261,151 593,49 461,176 108,50 634,346 135,110 181,57 271,17 746,99 796,26 151,67 989,18 932,139 477,45 598,238 308,76 346,61 745,18 083,73 362,21 575,181 012,54 626,94 127,26 613,
17.02.2021,2 230 117,70 971,1 538 738,"4,85%",847 359,"2,67%",691 379,"2,18%",1950,"0,087%",1605,240,48,15,1680,266,3 048 710,2 503 940,3 980,2 234 097,1 536 000,690 897,3 477,221 100,256 300,350 700,385 300,250 800,143 100,618 400,4 300,195 378,62 042,109 388,34 473,128 606,37 814,54 810,15 427,156 153,51 666,182 401,54 231,357 069,115 020,58 901,18 503,103 591,28 421,71 150,20 568,144 076,48 034,244 906,79 462,63 356,19 124,76 339,22 451,186 833,56 560,96 666,27 583,
18.02.2021,2 384 794,154 677,1 610 809,"5,07%",836 824,"2,64%",773 985,"2,44%",2131,"0,089%",1786,274,52,16,1844,283,3 048 710,2 503 940,3 980,2 388 774,1 637 000,743 831,4 338,227 100,265 500,362 600,396 800,261 900,161 400,704 300,5 200,207 946,68 692,117 198,38 827,137 068,42 372,59 581,18 592,166 529,57 123,195 732,61 456,380 778,127 514,63 420,20 903,110 739,32 822,76 926,23 665,154 111,52 770,260 985,88 432,67 591,21 358,82 409,25 365,200 381,63 137,102 802,30 957,
19.02.2021,2 556 999,172 205,1 691 285,"5,33%",825 571,"2,60%",865 714,"2,73%",2364,"0,092%",1986,304,55,16,2057,303,3 298 310,2 896 610,4 125,2 561 124,1 748 000,804 444,4 397,232 900,274 600,374 700,408 400,274 500,183 400,803 200,5 200,221 843,76 232,126 224,43 732,147 623,48 259,63 539,20 749,177 873,63 092,210 678,69 552,405 082,140 808,68 338,23 842,120 234,38 269,82 342,26 534,164 627,57 706,281 207,98 478,72 783,24 262,88 456,28 130,214 723,70 697,110 651,35 372,
20.02.2021,2 660 776,103 777,1 744 081,"5,49%",827 386,"2,61%",916 695,"2,89%",2572,"0,097%",2170,318,60,19,2243,325,3 298 310,2 896 610,4 125,2 664 901,1 818 000,837 761,4 519,238 800,283 400,386 600,420 200,282 400,195 200,848 800,5 400,229 179,79 769,132 049,47 119,154 635,52 138,66 594,22 137,184 629,65 971,219 311,73 550,421 113,147 615,70 806,25 138,125 880,41 351,85 793,28 103,170 965,61 106,290 922,103 501,76 377,26 115,92 199,29 826,223 777,75 168,115 683,38 088,
21.02.2021,2 697 815,37 039,1 772 374,"5,58%",846 933,"2,67%",925 441,"2,92%",2611,"0,097%",2202,325,60,19,2280,327,3 298 310,2 896 610,4 125,2 701 940,1 845 000,847 886,4 609,241 600,288 100,393 800,426 900,285 300,199 500,857 100,5 500,231 917,80 703,133 841,47 320,156 388,52 557,67 839,22 550,187 299,66 755,222 315,74 317,427 476,149 306,71 064,25 158,128 571,41 740,86 692,28 257,174 126,61 949,293 910,103 887,77 253,26 141,93 214,29 928,227 736,76 244,117 283,38 629,
22.02.2021,2 715 159,17 344,1 785 435,"5,62%",855 711,"2,70%",929 724,"2,93%",2614,"0,096%",2204,326,60,19,2283,327,3 696 110,3 067 110,4 342,2 719 501,1 857 000,853 017,4 692,242 700,290 100,396 800,429 700,286 700,201 800,861 800,5 600,233 999,81 071,134 063,47 319,157 119,52 887,68 380,22 880,188 346,67 105,223 929,74 848,431 359,150 359,71 260,25 158,129 579,41 740,87 333,28 319,176 142,62 606,294 835,103 951,77 357,26 145,93 494,30 032,229 132,76 357,117 939,38 947,
23.02.2021,2 759 436,44 277,1 824 895,"5,75%",890 354,"2,80%",934 541,"2,94%",2725,"0,099%",2297,340,60,21,2384,337,3 696 110,3 067 110,4 342,2 763 778,1 890 000,865 027,4 749,245 000,296 700,406 900,439 500,290 100,206 400,869 200,5 600,238 549,81 489,135 765,47 409,159 595,53 208,69 267,22 887,191 315,67 568,228 579,75 680,438 062,151 139,72 430,25 158,131 277,41 824,88 361,28 374,178 977,63 339,298 852,104 082,78 348,26 231,95 468,30 090,233 071,76 528,120 516,39 535,
24.02.2021,2 832 659,73 223,1 877 121,"5,91%",921 583,"2,90%",955 538,"3,01%",2895,"0,102%",2451,356,60,21,2544,347,3 696 110,3 067 110,4 342,2 837 001,1 940 000,888 202,4 825,248 500,303 900,418 000,450 400,296 200,216 200,893 700,5 700,246 543,83 844,140 522,48 846,163 441,54 237,70 639,23 424,195 398,68 658,233 763,77 197,449 147,154 899,74 309,25 474,134 658,42 974,91 205,29 187,183 880,64 803,306 569,105 807,79 548,26 522,98 178,30 796,238 963,78 029,124 753,40 841,
25.02.2021,2 990 683,158 024,1 959 498,"6,17%",928 313,"2,92%",1 031 185,"3,25%",3103,"0,104%",2632,379,64,22,2723,377,3 696 110,3 067 110,4 342,2 995 025,2 041 000,944 852,4 861,253 000,311 900,429 600,461 400,310 700,244 400,973 900,5 700,259 562,90 084,148 991,53 191,171 852,58 548,74 808,25 712,206 002,73 923,246 879,83 687,472 617,165 648,78 733,27 461,143 401,47 735,97 100,32 113,193 688,69 526,323 187,113 030,84 195,28 604,104 124,33 573,252 824,84 438,131 400,43 912,
26.02.2021,3 163 856,173 173,2 043 182,"6,44%",922 508,"2,91%",1 120 674,"3,53%",3263,"0,103%",2777,390,67,23,2870,390,3 853 310,3 505 500,4 836,3 168 692,2 151 000,1 008 000,4 921,257 700,320 000,441 300,472 400,326 100,275 100,1 100 000,4 900,273 186,97 601,156 517,57 233,182 284,63 918,78 875,28 114,217 957,80 218,261 887,91 326,497 312,178 623,83 324,29 820,154 041,53 577,103 524,35 287,204 953,74 930,343 190,122 943,89 634,31 505,109 826,36 326,267 318,91 896,138 648,47 357,
27.02.2021,3 269 812,105 956,2 102 144,"6,62%",934 476,"2,94%",1 167 668,"3,68%",3456,"0,106%",2944,411,71,24,3038,415,3 853 310,3 505 500,4 836,3 274 648,2 221 000,1 043 000,5 042,261 900,328 500,453 700,484 300,335 900,291 600,1 100 000,5 100,280 798,101 430,160 501,59 052,188 927,67 172,81 306,29 148,225 000,83 339,271 620,95 916,513 302,185 460,85 760,30 693,161 051,57 138,107 802,36 940,211 384,77 650,353 516,127 175,93 157,33 295,113 684,37 595,277 049,96 337,143 508,49 328,
28.02.2021,3 316 073,46 261,2 136 198,"6,73%",956 323,"3,01%",1 179 875,"3,72%",3491,"0,105%",2971,417,73,24,3066,422,3 853 310,3 505 500,4 836,3 320 909,2 253 000,1 058 000,5 156,264 500,334 200,462 200,492 300,340 400,297 900,1 100 000,5 200,284 847,102 761,162 192,59 548,190 966,67 853,82 384,29 477,227 873,84 225,275 368,96 932,521 307,187 836,86 512,30 757,164 267,58 094,108 834,37 103,215 538,78 417,357 467,127 588,94 606,33 458,114 130,37 711,282 765,97 831,145 536,50 284,
1.03.2021,3 336 354,20 281,2 150 063,"6,77%",963 772,"3,04%",1 186 291,"3,74%",3495,"0,105%",2975,417,73,24,3069,423,3 853 310,3 505 500,4 836,3 341 190,2 267 000,1 065 000,5 186,265 800,336 400,465 700,495 400,342 700,301 200,1 100 000,5 200,287 205,103 367,162 609,59 799,191 704,68 042,82 812,29 493,228 964,84 801,276 809,97 456,525 635,189 213,86 834,30 862,165 833,58 621,109 417,37 182,216 850,78 531,359 240,127 750,94 854,33 478,114 628,37 880,284 337,98 701,146 963,51 115,
2.03.2021,3 383 426,47 072,2 190 982,"6,90%",998 538,"3,15%",1 192 444,"3,76%",3588,"0,106%",3052,432,74,24,3155,430,4 466 360,3 698 700,4 836,3 388 262,2 299 000,1 079 000,5 198,268 300,343 100,476 600,505 300,347 100,306 700,1 100 000,5 200,291 761,104 058,164 869,60 272,194 532,68 465,83 499,29 511,231 449,85 149,281 155,98 365,532 573,190 470,87 845,30 895,167 519,59 106,110 350,37 198,220 538,78 777,363 583,127 888,95 989,33 482,116 712,37 891,289 973,99 326,149 222,51 591,
3.03.2021,3 465 576,82 150,2 251 291,"7,09%",1 037 006,"3,27%",1 214 285,"3,83%",3725,"0,107%",3177,442,76,24,3275,447,4 466 360,3 698 700,4 913,3 470 489,2 354 000,1 107 000,5 270,271 900,351 300,488 700,516 600,355 600,320 900,1 200 000,5 300,299 064,106 120,169 709,61 681,199 040,69 792,85 237,30 109,236 068,86 639,287 922,100 578,545 135,193 799,89 752,31 296,171 222,60 259,112 807,37 649,226 725,80 535,372 241,129 651,98 098,34 158,120 296,38 564,297 657,100 740,152 438,52 715,
4.03.2021,3 619 316,153 740,2 338 653,"7,37%",1 057 990,"3,33%",1 280 663,"4,03%",3872,"0,107%",3312,451,79,24,3406,463,4 466 360,4 215 410,4 932,3 624 248,2 451 000,1 163 000,5 387,275 500,358 900,500 300,527 400,372 100,356 400,1 200 000,5 400,311 820,111 952,178 259,65 473,208 227,74 115,89 232,32 346,245 248,90 986,299 822,105 628,566 917,203 290,94 086,33 123,179 194,64 136,118 366,40 158,237 002,84 579,389 661,136 427,102 147,36 062,126 246,41 167,312 079,105 621,158 581,55 600,
5.03.2021,3 791 577,172 261,2 425 534,"7,64%",1 059 491,"3,34%",1 366 043,"4,30%",4038,"0,106%",3462,463,81,26,3546,489,4 466 360,4 248 210,5 135,3 796 712,2 559 000,1 227 000,5 478,279 500,367 100,511 700,538 200,391 400,396 800,1 300 000,5 500,325 019,118 590,187 093,69 825,219 143,79 488,93 132,34 457,256 787,96 899,314 171,112 226,590 861,215 598,98 576,35 347,188 428,69 078,124 482,43 347,249 045,90 090,409 734,146 046,107 339,38 834,132 261,44 449,326 745,112 365,165 789,59 404,
6.03.2021,3 900 665,109 088,2 489 298,"7,84%",1 077 931,"3,40%",1 411 367,"4,45%",4192,"0,107%",3602,473,84,27,3677,512,4 466 360,4 248 210,5 135,3 905 800,2 630 000,1 265 000,5 499,284 300,376 100,524 700,550 400,404 200,418 200,1 300 000,5 500,332 620,121 619,191 935,71 948,226 124,82 691,95 989,35 496,263 327,100 270,322 532,115 617,606 694,221 872,100 805,36 233,194 607,72 006,128 455,44 953,256 934,93 208,421 670,150 096,111 240,40 937,136 454,46 175,337 632,116 320,170 471,61 926,
7.03.2021,3 951 104,50 439,2 527 039,"7,96%",1 102 974,"3,47%",1 424 065,"4,49%",4233,"0,107%",3636,478,86,27,3716,514,4 466 360,4 248 210,5 135,3 956 239,2 663 000,1 282 000,5 545,287 600,382 400,533 400,558 200,410 800,426 100,1 300 000,5 600,337 986,122 804,194 339,72 480,228 343,83 206,97 318,35 977,265 740,100 998,325 815,116 759,615 350,224 418,101 725,36 525,197 028,72 835,129 806,45 176,261 877,94 171,426 223,151 146,112 818,41 149,138 114,46 299,343 448,117 845,171 960,62 277,
8.03.2021,3 969 496,18 392,2 539 724,"8,00%",1 109 952,"3,50%",1 429 772,"4,50%",4243,"0,107%",3644,478,86,28,3723,516,5 194 430,4 366 685,5 486,3 974 982,2 675 000,1 289 000,5 560,288 500,384 100,536 300,560 500,413 200,430 100,1 400 000,5 600,339 684,123 246,195 194,72 738,229 033,83 499,97 956,36 326,266 657,101 277,327 214,117 301,618 233,225 549,102 042,36 525,198 159,73 166,130 321,45 205,263 764,94 749,427 748,151 897,113 062,41 211,138 595,46 299,346 080,118 490,172 479,62 294,
9.03.2021,4 024 036,54 540,2 588 118,"8,15%",1 152 200,"3,63%",1 435 918,"4,52%",4328,"0,108%",3722,485,87,28,3801,524,5 194 430,4 536 040,5 486,4 029 522,2 711 000,1 308 000,5 642,292 000,389 600,543 200,566 200,419 700,438 900,1 400 000,5 600,342 918,123 732,200 576,72 815,230 530,83 515,98 440,36 341,271 737,101 346,330 836,117 934,626 215,226 264,102 480,36 596,203 214,73 240,130 572,45 276,272 462,95 292,430 440,152 641,113 753,41 200,142 942,48 565,349 404,118 826,173 913,62 335,
10.03.2021,4 086 863,62 827,2 642 408,"8,32%",1 197 953,"3,77%",1 444 455,"4,55%",4464,"0,109%",3849,492,88,29,3924,537,5 194 430,4 783 400,5 632,4 092 495,2 751 000,1 330 000,5 661,296 400,395 400,550 400,572 500,428 900,452 700,1 400 000,5 600,348 612,124 453,204 000,73 105,233 743,83 897,99 820,36 496,275 745,101 922,336 212,118 740,638 348,227 925,103 585,36 681,205 923,73 572,132 372,45 512,275 971,96 073,437 737,153 953,115 261,41 377,145 239,48 709,353 962,119 280,176 730,62 760,
11.03.2021,4 229 118,142 255,2 742 389,"8,64%",1 255 660,"3,96%",1 486 729,"4,68%",4514,"0,107%",3894,497,88,29,3972,539,5 194 430,4 783 400,5 688,4 234 806,2 839 000,1 384 000,5 683,301 100,401 600,558 000,579 200,449 400,493 400,1 400 000,5 600,360 238,127 608,211 807,75 039,241 637,86 446,103 367,37 589,284 998,104 847,348 389,121 748,661 040,234 420,107 378,37 982,212 572,75 304,137 873,47 697,284 811,99 205,452 282,157 980,119 446,42 491,150 817,50 479,366 253,123 227,182 453,64 667,
12.03.2021,4 391 256,162 138,2 836 646,"8,94%",1 282 036,"4,04%",1 554 610,"4,90%",4623,"0,105%",3990,504,91,32,4063,557,5 340 830,4 823 500,5 741,4 396 997,2 939 000,1 447 000,5 698,306 100,407 700,565 200,585 700,471 900,539 500,1 500 000,5 600,373 212,132 826,219 744,78 620,250 991,90 222,107 157,39 087,295 485,109 479,362 100,127 069,685 709,244 319,111 857,40 127,221 252,78 341,144 040,49 946,295 478,104 041,470 830,166 031,124 574,44 821,156 739,53 101,379 143,128 872,189 114,67 708,
13.03.2021,4 487 273,96 017,2 892 549,"9,11%",1 297 825,"4,09%",1 594 724,"5,02%",4718,"0,105%",4067,516,95,34,4141,573,5 340 830,4 823 500,5 741,4 493 014,2 999 000,1 483 000,5 713,311 000,413 400,572 200,591 700,486 100,563 800,1 500 000,5 700,380 260,135 247,223 749,80 439,257 203,93 187,109 685,39 892,301 057,112 109,370 512,130 484,701 106,249 956,114 077,41 167,226 719,80 340,147 465,51 350,301 289,106 354,481 616,171 019,127 759,46 706,160 181,54 384,387 323,132 318,193 280,69 772,
14.03.2021,4 517 537,30 264,2 915 588,"9,18%",1 313 639,"4,14%",1 601 949,"5,05%",4738,"0,105%",4083,518,97,34,4161,574,5 340 830,4 823 500,5 741,4 523 278,3 017 000,1 494 000,5 719,313 400,415 300,574 400,593 600,491 400,572 500,1 600 000,5 700,383 354,135 638,224 764,80 686,258 686,93 484,110 640,40 034,302 626,112 615,373 062,131 453,706 931,251 336,114 507,41 328,228 429,81 145,148 485,51 422,302 920,106 576,484 435,171 617,128 757,46 776,161 115,54 622,390 007,132 962,194 764,70 255,
15.03.2021,4 530 783,13 246,2 925 425,"9,22%",1 320 067,"4,16%",1 605 358,"5,06%",4740,"0,105%",4085,518,97,34,4163,574,5 728 100,4 904 750,5 769,4 536 552,3 026 000,1 499 000,5 719,314 000,415 900,575 100,594 400,493 600,577 100,1 600 000,5 700,384 842,135 892,225 194,80 739,259 298,93 671,111 072,40 136,303 685,112 887,374 104,131 940,709 525,251 819,114 765,41 432,229 491,81 739,148 945,51 451,304 082,106 615,485 448,171 933,128 946,46 776,161 352,54 623,390 577,133 165,195 347,70 540,
16.03.2021,4 557 060,26 277,2 947 563,"9,29%",1 338 066,"4,22%",1 609 497,"5,07%",4803,"0,105%",4138,522,102,35,4211,589,5 728 100,4 904 750,5 879,4 562 939,3 042 000,1 509 000,5 731,316 300,418 400,578 000,596 700,498 800,583 100,1 600 000,5 700,387 803,136 711,226 301,80 843,260 637,93 835,111 501,40 172,305 129,113 281,376 476,132 426,713 788,252 176,115 584,41 536,230 661,81 798,149 166,51 431,306 449,107 186,488 019,172 252,129 203,46 784,162 589,54 726,392 687,133 527,196 957,70 813,
17.03.2021,4 605 929,48 869,2 985 438,"9,40%",1 364 947,"4,30%",1 620 491,"5,10%",4891,"0,106%",4207,538,104,36,4281,607,5 728 100,4 904 750,5 879,4 611 808,3 072 000,1 528 000,5 753,319 100,421 200,581 400,599 700,507 900,596 600,1 600 000,5 700,393 214,138 333,229 342,81 724,263 305,94 564,112 380,40 240,308 008,113 883,380 143,132 934,721 699,253 569,116 625,41 825,232 903,82 213,150 575,51 830,309 887,108 109,493 564,173 304,130 395,46 914,164 556,55 355,395 700,134 338,199 396,71 356,
18.03.2021,4 738 902,132 973,3 075 268,"9,69%",1 411 634,"4,45%",1 663 634,"5,24%",4973,"0,105%",4266,555,109,36,4350,620,5 728 100,4 904 750,5 879,4 744 781,3 151 000,1 583 000,5 783,321 900,424 400,585 400,603 700,530 900,541 500,1 600 000,5 700,405 030,142 225,236 287,84 098,271 297,96 850,115 690,41 361,316 998,116 814,391 742,136 416,741 124,259 901,120 099,42 862,239 378,84 327,155 577,53 810,318 904,111 110,507 172,177 696,133 959,48 017,169 697,57 258,407 061,137 804,204 349,73 085,
19.03.2021,4 893 320,154 418,3 163 942,"9,97%",1 434 564,"4,52%",1 729 378,"5,45%",5034,"0,103%",4317,562,112,36,4400,631,5 728 100,4 904 750,5 879,4 899 199,3 241 000,1 646 000,5 839,325 100,427 700,589 800,608 100,558 000,692 000,1 700 000,5 700,417 683,147 290,243 555,87 280,280 684,100 724,119 546,42 846,328 259,121 564,404 873,141 706,763 908,270 485,124 237,44 769,248 287,87 868,161 079,56 237,328 829,115 357,524 766,184 859,138 450,49 993,175 886,59 896,418 306,142 700,210 292,75 804,
20.03.2021,4 983 494,90 174,3 214 774,"10,13%",1 446 054,"4,56%",1 768 720,"5,57%",5084,"0,102%",4356,567,114,39,4436,645,5 728 100,4 904 750,5 879,4 989 373,3 295 000,1 683 000,5 964,328 700,431 300,594 300,612 300,574 900,718 900,1 700 000,5 800,424 441,149 852,247 537,88 903,286 658,103 283,121 491,43 529,333 846,124 344,412 689,144 967,778 124,277 298,125 882,45 535,253 936,90 175,164 859,57 985,334 625,117 833,533 981,188 836,141 043,51 321,179 550,61 546,425 731,145 976,214 238,77 337,
21.03.2021,5 014 167,30 673,3 235 066,"10,19%",1 455 965,"4,59%",1 779 101,"5,60%",5092,"0,102%",4362,569,114,39,4444,645,5 792 900,5 403 630,6 286,5 020 453,3 312 000,1 696 000,5 998,329 700,432 300,595 500,613 600,583 300,728 300,1 700 000,5 900,427 712,150 730,248 630,89 032,287 717,103 636,122 128,43 718,335 949,124 976,415 555,146 419,783 840,279 061,126 839,45 649,256 941,91 317,165 984,58 140,336 671,118 523,536 138,189 996,141 610,51 548,180 401,62 044,427 862,146 690,215 297,77 622,
22.03.2021,5 026 182,12 015,3 243 534,"10,22%",1 460 886,"4,60%",1 782 648,"5,62%",5099,"0,101%",4370,569,114,39,4449,648,6 510 680,5 403 630,6 335,5 032 517,3 319 000,1 701 000,6 138,330 200,432 800,595 900,614 200,586 700,732 200,1 700 000,6 000,429 048,151 257,248 914,89 037,288 281,103 745,122 368,43 722,336 659,125 210,416 847,147 118,785 904,279 476,126 954,45 733,258 325,91 412,166 058,58 147,337 971,119 061,537 249,190 568,141 670,51 548,180 762,62 050,428 345,146 808,215 892,77 756,
23.03.2021,5 077 928,51 746,3 290 579,"10,37%",1 503 230,"4,74%",1 787 349,"5,63%",5136,"0,101%",4402,573,114,40,4478,656,6 510 680,5 403 630,6 335,5 084 263,3 347 000,1 724 000,6 209,331 400,434 400,597 800,615 800,623 300,727 100,1 700 000,6 000,433 796,152 071,251 916,89 185,290 926,104 136,123 904,43 790,339 706,125 529,421 605,147 722,793 478,280 003,128 082,45 794,260 790,91 513,168 053,58 440,341 164,119 668,541 955,191 031,143 362,51 578,183 179,62 055,432 827,146 948,217 973,77 886,
24.03.2021,5 193 835,115 907,3 386 975,"10,67%",1 580 115,"4,98%",1 806 860,"5,69%",5189,"0,100%",4448,577,116,41,4521,666,6 510 680,5 403 630,6 335,5 200 170,3 412 000,1 776 000,6 234,332 600,436 400,600 600,619 400,691 100,757 000,1 700 000,6 100,444 166,154 408,259 066,89 825,297 966,104 974,127 210,44 189,346 222,126 683,430 289,149 097,810 267,282 627,131 056,46 288,266 555,92 480,172 348,59 184,348 516,121 150,554 527,193 604,147 134,51 871,187 491,62 976,442 712,149 003,222 791,78 501,
25.03.2021,5 381 726,187 891,3 525 507,"11,11%",1 669 288,"5,26%",1 856 219,"5,85%",5243,"0,097%",4490,584,120,41,4563,677,6 510 680,5 403 630,6 335,5 388 061,3 520 000,1 856 000,6 263,334 700,439 500,604 900,625 700,759 700,808 800,1 800 000,6 100,460 381,158 604,268 975,92 243,308 631,108 085,132 604,45 547,358 067,129 874,444 681,152 294,838 465,289 916,135 901,47 433,276 574,95 288,179 035,61 241,360 185,124 417,574 388,199 082,153 083,52 953,194 684,64 751,459 826,154 227,230 293,80 264,
26.03.2021,5 594 790,213 064,3 667 075,"11,55%",1 739 360,"5,48%",1 927 715,"6,07%",5297,"0,095%",4533,591,122,43,4610,684,6 585 080,6 387 340,6 561,5 601 351,3 641 000,1 947 000,6 358,337 400,444 200,611 300,633 400,830 300,868 300,1 900 000,6 200,478 325,164 492,279 570,95 691,321 796,112 389,137 719,47 010,372 780,134 740,461 619,158 082,868 763,300 665,141 397,49 298,288 200,98 907,186 834,64 275,373 694,129 306,598 478,206 400,159 859,54 896,202 844,67 120,478 215,161 284,239 227,83 160,
27.03.2021,5 755 551,160 761,3 786 752,"11,93%",1 817 953,"5,73%",1 968 799,"6,20%",5347,"0,093%",4573,596,124,46,4641,703,6 585 080,6 387 340,6 561,5 762 112,3 730 000,2 019 000,6 454,340 600,449 700,618 400,641 600,900 900,901 600,1 900 000,6 300,490 558,167 136,287 214,97 232,331 500,115 356,142 678,48 047,382 643,137 257,473 297,160 833,894 251,306 964,145 228,50 178,297 440,101 621,192 854,66 075,382 710,132 101,616 372,210 543,165 429,56 698,209 090,68 439,492 710,165 458,245 927,84 861,
28.03.2021,5 845 811,90 260,3 861 481,"12,16%",1 877 151,"5,91%",1 984 330,"6,25%",5347,"0,091%",4573,596,124,46,4641,703,6 585 080,6 387 340,6 561,5 852 372,3 778 000,2 061 000,6 499,342 100,452 700,622 000,646 400,949 600,917 500,1 900 000,6 300,497 626,168 224,290 898,97 610,335 719,116 275,145 818,48 341,388 098,137 680,480 196,161 840,910 160,309 524,147 629,50 440,304 937,103 395,196 174,66 695,387 198,133 314,626 227,212 348,168 759,57 472,211 826,68 847,500 203,167 123,248 637,85 202,
29.03.2021,5 882 581,36 770,3 891 080,"12,26%",1 899 579,"5,98%",1 991 501,"6,27%",5362,"0,091%",4586,597,125,46,4654,705,7 092 860,6 483 960,6 665,5 889 246,3 797 000,2 079 000,6 568,342 900,453 900,623 600,649 000,967 300,925 100,1 900 000,6 400,501 014,168 708,292 072,97 733,336 916,116 686,146 843,48 342,389 956,137 866,481 588,162 093,917 747,310 900,148 876,50 580,309 132,104 242,198 682,66 963,389 382,133 876,629 554,213 504,169 140,57 543,213 164,69 184,502 653,167 931,250 087,85 350,
30.03.2021,5 963 933,81 352,3 962 651,"12,48%",1 961 369,"6,18%",2 001 282,"6,30%",5405,"0,091%",4618,604,127,48,4677,725,7 092 860,6 483 960,6 665,5 970 598,3 838 000,2 119 000,6 633,345 900,459 300,629 800,654 700,1 000 000,933 300,1 900 000,6 500,507 774,170 305,295 827,97 962,341 974,117 295,148 992,48 449,394 559,138 175,487 299,162 759,931 026,312 209,150 467,50 720,313 636,104 456,201 820,67 256,394 608,134 982,637 825,214 838,171 569,57 628,216 717,69 607,510 185,168 956,253 756,85 685,
31.03.2021,6 081 824,117 891,4 063 929,"12,80%",2 046 034,"6,45%",2 017 895,"6,36%",5471,"0,090%",4672,607,134,50,4723,745,7 762 460,6 671 660,6 910,6 088 734,3 899 000,2 176 000,6 659,349 000,465 400,637 200,661 800,1 100 000,954 200,1 900 000,6 500,517 811,172 291,301 801,98 271,349 375,118 061,152 171,48 716,401 775,139 058,496 358,163 638,949 199,314 659,153 866,51 159,320 948,105 432,206 057,68 201,402 444,136 509,649 869,216 606,174 966,57 800,221 024,70 387,519 581,170 904,258 585,86 203,
1.04.2021,6 270 976,189 152,4 232 537,"13,33%",2 194 098,"6,91%",2 038 439,"6,42%",5471,"0,087%",4672,607,134,50,4723,745,7 762 460,6 671 660,6 910,6 277 886,4 002 000,2 262 000,6 713,352 300,471 900,645 300,672 200,1 100 000,997 600,2 000 000,6 500,532 957,174 022,310 552,98 750,360 556,119 628,157 940,49 256,413 941,140 205,512 077,164 962,978 301,317 418,158 558,51 733,331 932,106 699,212 599,69 194,414 127,138 136,670 493,218 603,180 050,58 106,228 489,71 300,535 449,173 371,266 362,87 056,
2.04.2021,6 462 769,191 793,4 405 790,"13,88%",2 348 811,"7,40%",2 056 979,"6,48%",5593,"0,087%",4784,614,137,50,4798,792,8 078 060,7 186 140,7 693,6 470 462,4 105 000,2 351 000,6 772,355 700,478 500,654 200,685 700,1 200 000,1 000 000,2 000 000,6 600,546 902,175 986,320 819,99 570,371 359,120 911,163 540,49 677,424 982,141 060,526 408,165 907,1 008 277,319 792,163 271,52 093,342 927,108 023,219 221,70 187,424 966,139 784,693 074,220 097,185 661,58 474,236 098,72 153,552 897,175 438,275 409,87 827,
3.04.2021,6 614 819,152 050,4 546 041,"14,32%",2 477 263,"7,80%",2 068 778,"6,52%",5638,"0,085%",4823,617,138,52,4831,804,8 078 060,7 186 140,7 693,6 622 512,4 186 000,2 422 000,6 813,358 800,484 200,662 600,701 000,1 300 000,1 100 000,2 000 000,6 600,557 868,177 340,327 249,99 767,379 435,121 607,168 901,50 111,435 129,141 510,537 314,167 023,1 030 637,321 429,166 332,52 333,352 248,108 760,224 967,71 003,434 458,140 815,711 426,221 246,189 798,58 692,241 403,72 599,567 074,176 303,283 399,88 240,
4.04.2021,6 653 435,38 616,4 581 740,"14,43%",2 510 045,"7,91%",2 071 695,"6,53%",5658,"0,085%",4842,617,139,52,4846,809,8 078 060,7 186 140,7 693,6 661 128,4 206 000,2 441 000,6 823,359 500,485 700,665 300,706 400,1 300 000,1 100 000,2 000 000,6 600,560 264,177 451,329 222,99 936,380 284,121 712,171 282,50 222,437 669,141 636,539 458,167 061,1 038 635,321 884,166 925,52 375,355 737,108 782,225 804,71 360,437 059,141 276,714 893,221 904,190 299,58 692,242 175,72 645,570 676,176 456,285 721,88 303,
5.04.2021,6 658 909,5 474,4 586 800,"14,45%",2 514 691,"7,92%",2 072 109,"6,53%",5658,"0,085%",4842,617,139,52,4846,809,8 078 060,7 186 140,7 693,6 666 602,4 209 000,2 443 000,6 826,359 600,485 900,665 900,707 200,1 300 000,1 100 000,2 000 000,6 600,561 176,177 451,329 249,99 956,380 284,121 712,171 562,50 222,437 691,141 636,539 671,167 090,1 040 283,321 922,166 925,52 375,355 900,108 783,225 865,71 403,437 598,141 281,715 806,222 150,190 339,58 721,242 400,72 645,570 980,176 458,285 723,88 304,
6.04.2021,6 665 384,6 475,4 592 576,"14,47%",2 519 768,"7,94%",2 072 808,"6,53%",5658,"0,085%",4842,617,139,52,4846,809,8 078 060,7 186 140,7 693,6 673 077,4 212 000,2 447 000,6 848,360 000,486 600,666 800,707 900,1 400 000,1 100 000,2 000 000,6 700,562 220,177 460,329 277,99 968,380 308,121 728,171 603,50 228,438 019,141 718,539 792,167 091,1 041 399,322 240,166 925,52 375,356 276,108 800,225 944,71 405,437 934,141 309,717 650,222 268,190 525,58 750,242 542,72 645,571 304,176 487,286 209,88 336,
7.04.2021,6 790 945,125 561,4 709 463,"14,84%",2 627 981,"8,28%",2 081 482,"6,56%",5658,"0,083%",4842,617,139,52,4846,809,8 952 050,7 774 610,7 769,6 798 714,4 276 000,2 508 000,6 900,363 100,492 500,675 100,722 500,1 400 000,1 100 000,2 000 000,6 700,573 580,178 582,336 434,100 008,386 825,121 959,175 304,50 550,445 813,142 049,549 458,167 817,1 060 391,323 326,169 969,52 572,362 240,109 105,230 269,71 947,446 311,142 102,731 387,222 808,193 703,58 866,246 738,73 071,582 364,178 023,291 979,88 697,
8.04.2021,6 999 652,208 707,4 910 884,"15,47%",2 822 116,"8,89%",2 088 768,"6,58%",5695,"0,081%",4872,622,139,54,4867,825,8 952 050,7 774 610,7 769,7 007 421,4 388 000,2 604 000,6 977,367 100,499 700,686 800,746 500,1 500 000,1 100 000,2 100 000,6 800,591 144,179 189,347 363,100 110,398 757,122 375,181 257,50 749,459 564,142 333,565 376,168 150,1 092 948,324 327,174 415,52 820,371 334,109 619,236 266,72 106,458 002,142 448,758 256,223 634,199 542,59 022,253 852,73 548,600 752,179 323,301 903,89 015,
9.04.2021,7 263 426,263 774,5 168 531,"16,28%",3 073 636,"9,68%",2 094 895,"6,60%",5695,"0,078%",4872,622,139,54,4867,825,8 952 050,7 774 610,7 769,7 271 195,4 527 000,2 729 000,7 089,372 300,509 700,702 400,779 500,1 600 000,1 200 000,2 100 000,6 900,612 224,179 597,360 131,100 471,413 070,122 825,188 693,50 978,478 081,142 707,585 573,168 537,1 132 389,325 186,180 670,53 136,384 116,110 085,244 108,72 282,474 552,142 829,792 511,224 208,207 136,59 111,263 410,73 974,622 987,179 796,314 202,89 173,
10.04.2021,7 485 164,221 738,5 385 294,"16,96%",3 285 424,"10,35%",2 099 870,"6,61%",5908,"0,079%",5043,648,153,56,5009,896,8 952 050,7 774 610,7 769,7 492 933,4 643 000,2 835 000,7 135,377 800,519 600,717 700,812 700,1 700 000,1 200 000,2 100 000,6 900,630 814,179 891,370 300,100 751,425 668,123 178,195 447,51 048,492 655,142 970,602 511,168 972,1 165 748,325 868,185 792,53 409,394 912,110 400,251 087,72 423,487 403,143 065,822 519,224 749,212 798,59 206,270 879,74 275,642 041,180 211,324 436,89 454,
11.04.2021,7 635 264,150 100,5 531 004,"17,42%",3 426 744,"10,79%",2 104 260,"6,63%",5908,"0,077%",5043,648,153,56,5009,896,8 952 050,8 335 070,8 701,7 643 965,4 721 000,2 907 000,7 184,381 900,526 000,728 300,837 800,1 800 000,1 200 000,2 100 000,7 000,643 274,180 031,377 275,100 831,430 409,123 368,200 121,51 185,501 148,143 039,614 847,169 271,1 188 979,326 456,188 091,53 606,402 859,110 977,255 070,73 183,496 044,143 162,846 507,225 105,217 069,59 558,275 721,74 352,655 279,180 611,332 201,89 525,
12.04.2021,7 687 617,52 353,5 582 358,"17,58%",3 477 099,"10,95%",2 105 259,"6,63%",5908,"0,077%",5043,648,153,56,5009,896,8 952 050,8 335 070,8 701,7 696 318,4 747 000,2 934 000,7 198,383 900,528 900,733 200,849 900,1 800 000,1 200 000,2 100 000,7 000,649 943,180 043,378 573,100 885,431 598,123 464,202 383,51 221,504 306,143 051,618 390,169 347,1 198 746,326 582,188 296,53 726,405 315,111 044,256 316,73 205,497 753,143 413,855 341,225 183,217 657,59 558,277 589,74 352,659 732,180 650,335 291,89 535,
13.04.2021,7 784 384,96 767,5 672 061,"17,87%",3 559 738,"11,21%",2 112 323,"6,65%",5929,"0,076%",5060,652,153,56,5022,904,9 914 840,8 791 860,8 796,7 793 180,4 791 000,2 986 000,7 232,386 700,534 100,739 300,865 400,1 900 000,1 200 000,2 100 000,7 000,658 426,180 629,383 422,101 097,436 891,123 862,204 973,51 489,510 191,143 496,625 651,169 622,1 214 601,328 082,190 773,54 249,408 984,111 358,257 792,73 217,503 714,143 922,868 562,226 022,220 082,59 639,281 167,74 635,668 467,181 246,339 894,89 758,
14.04.2021,7 970 164,185 780,5 832 185,"18,37%",3 694 206,"11,64%",2 137 979,"6,73%",6051,"0,076%",5163,664,160,56,5110,938,9 914 840,8 791 860,8 796,7 978 960,4 888 000,3 075 000,7 284,390 800,541 100,750 100,895 400,2 000 000,1 300 000,2 200 000,7 100,673 446,184 753,393 874,102 463,447 175,125 381,210 257,52 301,522 387,144 928,640 348,170 822,1 244 484,332 104,195 102,55 044,416 397,112 418,263 080,73 922,515 040,145 453,891 908,229 099,225 028,60 291,287 325,75 437,684 283,182 857,348 595,90 706,
15.04.2021,8 223 370,253 206,6 034 450,"19,01%",3 845 530,"12,11%",2 188 920,"6,90%",6132,"0,075%",5228,672,166,58,5162,967,10 032 440,9 009 610,9 811,8 233 181,5 026 000,3 190 000,7 408,395 100,548 900,763 300,934 600,2 000 000,1 300 000,2 200 000,7 200,694 554,186 915,406 701,105 346,460 811,128 925,217 405,53 980,539 836,148 541,660 909,174 696,1 283 013,339 914,201 038,56 641,427 770,115 307,272 030,75 990,529 644,148 672,920 864,234 626,232 105,61 797,296 277,77 678,707 111,187 199,360 989,92 693,
16.04.2021,8 484 815,261 445,6 238 076,"19,65%",3 991 337,"12,57%",2 246 739,"7,08%",6132,"0,072%",5228,672,166,58,5162,967,10 032 440,9 009 610,9 811,8 494 626,5 168 000,3 310 000,7 502,399 900,557 600,777 000,978 300,2 100 000,1 400 000,2 300 000,7 300,716 368,191 326,420 834,107 925,475 617,132 697,224 340,55 619,557 332,152 403,682 667,179 583,1 320 647,348 217,207 638,58 500,440 726,118 751,280 822,78 441,545 850,152 003,951 781,241 378,239 608,63 340,305 228,79 659,730 089,192 022,372 233,94 875,
17.04.2021,8 702 677,217 862,6 426 963,"20,25%",4 151 249,"13,08%",2 275 714,"7,17%",6132,"0,070%",5228,672,166,58,5162,967,10 032 440,9 009 610,9 811,8 712 488,5 288 000,3 407 000,7 729,404 600,566 400,792 700,1 000 000,2 200 000,1 400 000,2 300 000,7 500,734 088,193 461,432 806,108 905,487 685,134 635,229 907,56 667,572 228,154 027,701 905,181 677,1 354 103,352 707,212 242,58 994,452 402,120 944,288 380,79 605,558 841,153 780,976 070,245 094,245 599,64 434,311 608,80 591,750 313,194 287,381 758,95 906,"Po wprowadzeniu szczepionki Johnson & Johnson zastąpiono ""osoby szczepione drugą dawką"" ""osobami w pełni zaszczepionymi"" (jako, że szczepionka J&J wymaga tylko jednej dawki). To z kolei ma wpływ na błędne liczby osób szczepionych tylko jedną dawką, prośba o dostęp do liczby wykorzystanych szczepionek J&J na razie utknęła."
18.04.2021,8 845 735,143 058,6 558 143,"20,66%",4 270 551,"13,45%",2 287 592,"7,21%",6132,"0,069%",5228,672,166,58,5162,967,10 032 440,9 009 610,9 811,8 855 546,5 362 000,3 476 000,7 800,407 300,571 100,802 000,1 100 000,2 300 000,1 400 000,2 300 000,7 500,745 558,193 980,440 700,109 626,491 705,135 418,232 676,57 301,582 054,154 532,716 503,182 660,1 377 873,354 938,214 684,59 229,459 175,122 037,291 981,79 771,567 897,154 702,994 085,246 280,249 378,65 040,314 909,80 712,763 998,195 250,389 732,96 116,
19.04.2021,8 893 076,47 341,6 599 297,"20,79%",4 305 518,"13,56%",2 293 779,"7,23%",6292,"0,071%",5346,701,176,61,5263,1026,10 296 440,9 524 990,9 811,8 902 887,5 387 000,3 499 000,7 824,408 300,572 800,805 500,1 100 000,2 300 000,1 400 000,2 300 000,7 500,750 294,194 348,442 371,109 971,493 085,135 872,233 819,57 726,584 520,154 562,721 289,182 774,1 388 263,356 210,214 858,59 259,462 411,122 497,292 606,79 778,569 811,155 238,999 751,246 584,249 996,64 175,315 964,80 730,768 815,195 545,392 320,96 139,
20.04.2021,9 006 539,113 463,6 699 255,"21,10%",4 391 971,"13,84%",2 307 284,"7,27%",6292,"0,070%",5346,701,176,61,5263,1026,10 296 440,9 524 990,9 811,9 016 350,5 444 000,3 555 000,7 862,411 200,577 600,812 700,1 100 000,2 300 000,1 400 000,2 300 000,7 600,759 738,195 742,448 413,110 504,499 244,136 900,236 936,58 216,591 579,155 253,730 244,183 833,1 407 062,359 147,217 977,59 788,467 005,123 096,295 178,80 005,577 339,156 386,1 010 772,247 553,252 716,65 343,320 339,81 018,779 213,196 211,399 220,96 916,
21.04.2021,9 210 419,203 880,6 868 703,"21,64%",4 526 987,"14,26%",2 341 716,"7,38%",6452,"0,070%",5476,722,182,64,5369,1080,11 387 600,10 462 900,10 132,9 220 551,5 550 000,3 652 000,7 953,415 400,585 700,824 600,1 200 000,2 400 000,1 500 000,2 300 000,7 600,776 289,199 007,460 170,112 457,510 662,139 430,242 037,59 097,604 724,156 877,746 942,186 606,1 437 742,364 338,222 791,60 679,475 835,125 125,301 379,81 088,591 557,158 756,1 033 700,251 006,258 389,66 214,327 601,82 331,796 511,198 630,409 742,98 658,
22.04.2021,9 495 317,284 898,7 079 324,"22,30%",4 663 331,"14,69%",2 415 993,"7,61%",6452,"0,068%",5476,722,182,64,5369,1080,11 387 600,10 462 900,10 132,9 505 449,5 703 000,3 784 000,8 189,421 200,595 800,842 200,1 200 000,2 500 000,1 500 000,2 400 000,7 900,801 253,205 315,474 894,116 392,526 364,144 357,249 970,61 405,622 977,161 624,770 744,192 517,1 479 740,375 339,230 015,62 671,488 731,129 075,310 932,83 983,609 269,163 514,1 066 269,258 413,267 273,68 201,336 797,85 175,820 887,204 782,423 809,101 639,
23.04.2021,9 806 966,311 649,7 311 128,"23,03%",4 815 290,"15,17%",2 495 838,"7,86%",6539,"0,067%",5550,732,184,65,5429,1107,11 387 600,10 943 770,10 661,9 817 627,5 870 000,3 929 000,8 323,428 100,608 200,868 400,1 300 000,2 600 000,1 600 000,2 400 000,8 000,827 720,212 030,490 775,119 880,542 661,149 704,257 738,63 580,642 257,167 350,797 228,199 654,1 525 314,386 411,238 206,64 585,505 033,133 914,321 291,87 067,629 134,168 821,1 102 455,267 049,276 415,70 647,347 177,87 852,848 077,211 274,438 973,104 392,
24.04.2021,10 069 710,262 744,7 526 598,"23,71%",4 983 486,"15,70%",2 543 112,"8,01%",6539,"0,065%",5550,732,184,65,5429,1107,11 387 600,10 943 770,10 661,10 080 371,6 007 000,4 054 000,8 517,435 700,622 600,903 700,1 400 000,2 700 000,1 600 000,2 400 000,8 100,848 446,215 916,505 050,122 075,555 285,152 660,264 638,65 111,658 199,170 353,819 607,203 838,1 563 838,393 571,245 038,65 739,516 771,136 375,330 309,89 276,646 915,171 661,1 132 625,271 284,284 748,72 209,355 877,89 895,871 761,214 907,453 482,106 605,
25.04.2021,10 287 545,217 835,7 717 859,"24,31%",5 073 596,"15,98%",2 644 263,"8,33%",6539,"0,064%",5550,732,184,65,5429,1107,11 387 600,10 943 770,10 661,10 298 206,6 007 000,4 054 000,8 517,435 700,622 600,903 700,1 400 000,2 700 000,1 600 000,2 400 000,8 100,848 446,215 916,505 050,122 075,555 285,152 660,264 638,65 111,658 199,170 353,819 607,203 838,1 563 838,393 571,245 038,65 739,516 771,136 375,330 309,89 276,646 915,171 661,1 132 625,271 284,284 748,72 209,355 877,89 895,871 761,214 907,453 482,106 605,"Raport szczepień niedostępny z powodu ""problemów technicznych"". Dane dotyczące całkowitej liczby szczepień na podstawie infografiki @szczepimysie."
26.04.2021,10 343 967,56 422,7 765 723,"24,46%",5 187 479,"16,34%",2 578 244,"8,12%",6761,"0,065%",5742,752,193,66,5577,1181,11 387 600,11 022 740,10 786,10 354 753,6 150 000,4 185 000,8 668,443 400,637 700,955 700,1 500 000,2 700 000,1 600 000,2 500 000,8 200,871 749,220 975,519 196,123 091,563 362,153 783,271 149,66 119,675 498,172 378,846 414,207 186,1 609 127,399 266,249 358,66 496,532 005,139 226,336 709,90 851,664 103,174 367,1 168 889,273 697,292 014,73 056,362 572,90 278,898 071,218 048,466 580,107 790,
27.04.2021,10 487 131,143 164,7 878 344,"24,82%",5 269 557,"16,60%",2 608 787,"8,22%",6774,"0,065%",5752,755,193,66,5588,1183,12 901 190,11 404 640,10 993,10 498 124,6 227 000,4 251 000,8 764,447 700,647 200,989 000,1 500 000,2 800 000,1 600 000,2 500 000,8 300,883 491,224 182,526 443,125 141,570 985,155 501,275 079,66 995,683 661,173 694,857 887,209 711,1 629 739,404 184,253 302,67 362,538 155,140 652,340 852,91 604,676 424,176 111,1 184 104,276 713,295 503,73 417,367 853,91 876,910 502,220 291,474 941,109 558,
28.04.2021,10 740 169,253 038,8 072 900,"25,43%",5 326 076,"16,78%",2 746 824,"8,65%",6774,"0,063%",5752,755,193,66,5588,1183,12 901 190,11 404 640,10 993,10 751 162,6 364 000,4 368 000,8 864,454 200,660 600,1 000 000,1 600 000,2 800 000,1 600 000,2 500 000,8 400,905 090,229 865,540 052,128 868,583 978,158 662,281 931,68 938,701 356,177 251,876 960,214 785,1 664 383,412 740,260 168,68 862,548 680,142 920,350 022,93 678,694 953,179 334,1 213 068,282 657,304 009,75 310,376 688,94 275,931 275,224 937,487 701,112 279,"@szczepimy się wysłuchało naszych próśb. ""Liczba szczepień 1 dawką"" zawiera również osoby szczepione preparatem J&J. Co oznacza, że Liczba wykonanych szczepień nie jest już równa Liczbie szczepień 1 dawką + liczbie osób w pełni zaszczepionych, ale pozwala wyliczyć ile osób czeka wciąż na drugą dawkę."
29.04.2021,11 081 369,341 200,8 316 698,"26,20%",5 464 369,"17,21%",2 852 329,"8,99%",6996,"0,063%",5923,793,203,69,5729,1264,12 901 190,12 628 420,11 313,11 092 682,6 548 000,4 524 000,9 068,462 700,679 300,1 100 000,1 700 000,2 900 000,1 700 000,2 500 000,8 500,933 350,237 960,557 132,134 179,601 116,164 153,290 591,71 856,723 857,184 253,903 830,223 499,1 710 919,426 568,270 442,71 436,563 703,147 384,361 341,96 568,719 211,185 053,1 255 325,293 332,314 257,78 032,388 015,98 488,961 830,233 741,503 819,116 031,
30.04.2021,11 470 800,389 431,8 597 875,"27,08%",5 632 312,"17,74%",2 965 563,"9,34%",6996,"0,061%",5923,793,203,69,5729,1264,12 901 190,12 628 420,11 313,11 482 113,6 756 000,4 706 000,9 223,475 200,711 100,1 200 000,1 700 000,3 000 000,1 800 000,2 600 000,8 600,963 718,247 056,576 305,139 960,620 905,170 093,300 819,75 204,748 954,191 470,934 022,232 995,1 764 104,442 578,281 367,74 169,582 106,152 615,375 207,99 956,748 486,191 233,1 303 380,306 345,325 644,81 025,401 982,102 524,995 001,243 244,522 978,120 196,
1.05.2021,11 751 224,280 424,8 809 166,"27,75%",5 867 108,"18,48%",2 942 058,"9,27%",6996,"0,060%",5923,793,203,69,5729,1264,12 901 190,12 628 420,11 313,11 762 537,6 884 000,4 858 000,9 392,483 500,745 700,1 300 000,1 800 000,3 100 000,1 800 000,2 600 000,8 700,983 507,252 252,590 305,143 399,636 340,174 065,308 303,77 838,768 195,195 999,955 303,238 738,1 802 243,453 054,290 031,75 609,593 628,156 330,383 287,102 698,770 687,194 963,1 336 813,313 508,334 278,82 891,411 845,105 225,1 019 992,249 668,537 441,122 994,
2.05.2021,11 877 060,125 836,8 917 338,"28,09%",5 957 616,"18,77%",2 959 722,"9,32%",6996,"0,059%",5923,793,203,69,5729,1264,12 901 190,12 718 920,11 691,11 888 751,6 947 000,4 920 000,9 547,488 100,768 200,1 300 000,1 800 000,3 100 000,1 800 000,2 600 000,8 900,992 394,253 573,597 209,144 244,641 321,174 933,312 851,78 306,776 080,197 019,965 193,239 780,1 821 005,456 135,295 186,75 981,605 553,159 111,386 922,103 230,776 469,195 888,1 352 616,315 312,339 021,83 153,414 116,105 491,1 029 241,251 410,542 012,123 329,"Raport szczepień znów posiada niespójne dane dotyczące szczepień 1 dawką i osób w pełni zaszczepionych, nie uwzględniając szczepionek J&J..."
3.05.2021,11 944 959,67 899,8 973 754,"28,27%",6 002 549,"18,91%",2 971 205,"9,36%",6996,"0,059%",5923,793,203,69,5729,1264,12 901 190,12 628 420,11 313,11 956 272,6 981 000,4 954 000,9 646,490 700,782 300,1 400 000,1 800 000,3 100 000,1 800 000,2 600 000,8 900,997 766,254 364,600 217,144 344,643 656,175 141,314 744,78 651,780 002,197 530,968 887,240 206,1 835 064,459 445,297 680,76 044,612 410,161 997,390 735,104 242,780 079,196 520,1 360 192,315 872,340 024,83 274,415 780,105 562,1 032 003,251 804,545 311,123 382,"Raport szczepień dostarczył błędne dane dot. dawek dostarczonych do punktów oraz dawek zutylizowanych (dane równe tym z 01.05, mniejsze od tych z 02.05)."
4.05.2021,11 995 786,50 827,9 018 412,"28,41%",6 041 038,"19,03%",2 977 374,"9,38%",6996,"0,058%",5923,793,203,69,5729,1264,12 901 190,12 628 420,11 313,12 007 099,7 005 000,4 981 000,9 697,493 100,798 200,1 400 000,1 800 000,3 100 000,1 800 000,2 600 000,8 900,1 003 474,255 134,601 810,144 352,645 000,175 437,316 355,78 729,783 263,197 664,971 204,240 332,1 842 920,460 975,299 569,76 045,619 076,164 285,393 099,104 280,784 284,197 062,1 364 504,315 934,340 718,83 359,416 915,105 620,1 034 290,251 949,548 605,123 388,"Raport szczepień dostarczył błędne dane dot. dawek dostarczonych do punktów oraz dawek zutylizowanych (dane równe tym z 01.05, mniejsze od tych z 02.05)."
5.05.2021,12 225 861,230 075,9 186 041,"28,94%",6 001 889,"18,91%",3 184 152,"10,03%",6996,"0,057%",5923,793,203,69,5729,1264,15 381 800,13 556 520,11 994,12 237 855,7 127 000,5 089 000,9 919,503 600,842 400,1 400 000,1 900 000,3 100 000,1 800 000,2 600 000,9 100,1 022 570,260 332,614 649,148 234,656 299,178 138,323 272,80 444,799 225,201 602,987 737,245 564,1 873 001,470 992,304 314,77 282,631 211,168 300,400 215,105 898,803 473,200 873,1 389 563,322 271,346 419,84 938,424 823,108 082,1 053 222,256 850,560 128,126 887,Ponownie liczenie osób w pełni zaszczepionych jest poprawne.
6.05.2021,12 614 827,388 966,9 454 765,"29,78%",6 145 876,"19,36%",3 308 889,"10,42%",6996,"0,055%",5923,793,203,69,5729,1264,15 381 800,14 292 650,12 238,12 627 065,7 333 000,5 271 000,10 121,523 200,912 000,1 500 000,1 900 000,3 200 000,1 900 000,2 600 000,9 200,1 050 915,268 805,634 809,154 079,675 603,184 765,335 607,84 875,825 501,209 470,1 015 937,254 849,1 923 578,489 768,316 927,80 123,649 372,175 770,413 537,109 254,830 307,208 169,1 438 499,336 120,357 597,88 261,436 405,112 268,1 086 363,267 637,579 224,132 358,"Liczba NOPów w raporcie od ponad 7 dni pozostaje niezmienna, co uważam za błąd (sam raport zawiera już ponad 7300 rekordów). Do wyjaśnienia."
7.05.2021,13 034 348,419 521,9 735 602,"30,67%",6 283 951,"19,79%",3 451 651,"10,87%",7358,"0,056%",6236,826,217,71,5986,1369,15 632 600,14 478 060,12 710,13 047 058,7 555 000,5 469 000,10 431,548 600,988 800,1 600 000,2 000 000,3 300 000,1 900 000,2 700 000,9 300,1 082 907,278 544,661 106,160 615,697 268,192 687,347 855,88 428,857 604,218 737,1 050 408,266 192,1 977 936,511 571,330 755,84 026,670 018,184 397,428 519,113 305,862 601,216 407,1 493 520,353 066,370 767,92 148,455 345,117 370,1 121 978,280 798,600 767,137 470,
8.05.2021,13 409 463,375 115,9 987 919,"31,46%",6 408 009,"20,19%",3 579 910,"11,28%",7607,"0,057%",6441,859,228,71,6149,1454,15 632 600,14 478 060,12 710,13 422 173,7 753 000,5 647 000,9 037,582 900,1 100 000,1 700 000,2 100 000,3 400 000,1 900 000,2 700 000,9 000,1 109 996,286 591,680 965,166 272,714 591,199 496,358 601,93 609,885 846,226 968,1 078 939,275 511,2 027 395,530 522,342 455,86 354,687 383,192 265,441 025,116 899,891 583,223 624,1 541 843,367 734,381 041,95 292,465 904,121 191,1 156 925,293 573,618 815,142 584,
9.05.2021,13 670 541,261 078,10 185 393,"32,08%",6 535 274,"20,59%",3 650 119,"11,50%",7669,"0,056%",6496,864,230,71,6190,1475,15 632 600,14 478 060,12 710,13 683 251,7 888 000,5 773 000,9 107,618 200,1 100 000,1 700 000,2 100 000,3 400 000,1 900 000,2 700 000,9 100,1 125 608,290 925,693 485,168 713,721 673,201 407,366 667,95 439,904 195,230 851,1 102 773,280 411,2 067 970,541 204,349 616,87 075,703 481,198 619,448 529,118 481,910 461,227 358,1 575 682,373 728,387 933,96 799,472 191,122 935,1 180 704,301 926,632 741,146 117,
10.05.2021,13 764 238,93 697,10 260 941,"32,32%",6 589 270,"20,76%",3 671 671,"11,57%",7676,"0,056%",6500,866,231,71,6194,1478,15 632 600,14 478 060,12 710,13 776 948,7 937 000,5 818 000,9 128,634 900,1 200 000,1 800 000,2 100 000,3 400 000,1 900 000,2 700 000,9 100,1 133 928,292 974,697 278,169 111,724 848,201 924,368 986,95 767,912 172,231 836,1 111 362,281 616,2 081 958,544 588,352 649,87 128,707 999,199 487,452 819,119 742,913 584,228 269,1 586 313,375 488,390 161,97 294,473 600,123 322,1 190 308,304 135,638 994,147 456,
11.05.2021,13 957 627,193 389,10 400 987,"32,76%",6 672 290,"21,02%",3 728 697,"11,75%",7789,"0,056%",6591,886,234,71,6263,1523,16 841 210,15 479 200,13 319,13 970 946,8 040 000,5 908 000,9 274,671 100,1 200 000,1 800 000,2 200 000,3 500 000,1 900 000,2 700 000,9 300,1 148 344,297 387,706 776,172 461,734 648,205 112,373 461,96 692,926 155,234 886,1 126 577,285 854,2 109 423,552 751,358 674,88 574,717 076,201 901,460 221,121 396,929 464,231 770,1 607 340,381 783,385 944,98 834,480 732,125 309,1 205 530,308 317,648 597,150 206,
12.05.2021,14 274 291,316 664,10 609 955,"33,42%",6 770 565,"21,33%",3 839 390,"12,09%",7913,"0,055%",6694,900,240,71,6341,1568,17 158 810,16 497 170,13 495,14 287 786,8 209 000,6 056 000,9 444,716 300,1 300 000,1 900 000,2 200 000,3 500 000,2 000 000,2 700 000,9 400,1 172 395,305 547,725 626,179 009,750 251,210 845,381 207,98 997,948 290,241 440,1 149 721,294 415,2 152 280,569 774,365 893,90 990,731 390,207 239,471 225,124 813,952 904,238 202,1 649 031,396 280,405 664,101 570,491 104,129 329,1 233 345,316 630,663 387,155 226,
13.05.2021,14 705 512,431 221,10 864 425,"34,22%",6 833 430,"21,53%",4 030 995,"12,70%",8045,"0,055%",6797,921,248,71,6412,1629,17 158 810,16 497 170,13 495,14 719 007,8 441 000,6 255 000,9 629,768 300,1 300 000,2 000 000,2 300 000,3 600 000,2 000 000,2 800 000,9 600,1 205 450,318 880,748 142,187 684,769 904,220 497,391 931,103 576,979 404,254 174,1 183 383,308 671,2 215 272,597 687,377 219,94 512,749 060,214 844,486 356,130 189,981 522,248 887,1 707 163,421 469,417 853,106 131,504 781,134 796,1 272 853,331 586,682 970,162 871,
14.05.2021,15 144 771,439 259,11 112 068,"35,00%",6 870 112,"21,64%",4 241 956,"13,36%",8209,"0,054%",6938,939,253,71,6535,1670,17 158 810,16 497 170,13 495,15 158 266,8 675 000,6 460 000,10 034,824 100,1 400 000,2 000 000,2 300 000,3 700 000,2 100 000,2 800 000,10 000,1 239 462,332 614,769 498,196 928,791 502,230 539,402 803,108 902,1 009 421,267 662,1 219 566,324 614,2 277 556,625 681,388 869,98 491,767 867,223 878,501 730,136 162,1 012 320,260 794,1 767 014,450 832,429 907,110 875,518 695,141 238,1 311 415,347 070,703 017,171 218,
15.05.2021,15 509 013,364 242,11 329 356,"35,69%",6 914 312,"21,78%",4 415 044,"13,91%",8330,"0,054%",7041,953,257,71,6619,1707,17 158 810,16 497 170,13 495,15 522 508,8 866 000,6 632 000,10 215,879 400,1 500 000,2 100 000,2 400 000,3 700 000,2 100 000,2 800 000,10 200,1 268 112,343 027,786 470,203 049,808 001,237 889,412 797,114 278,1 033 037,276 902,1 251 246,337 131,2 331 515,647 676,398 652,101 264,785 432,231 453,511 380,140 496,1 035 912,268 913,1 819 080,474 594,439 223,114 218,528 617,145 273,1 342 968,358 826,720 671,178 597,
16.05.2021,15 776 030,267 017,11 490 114,"36,19%",6 954 517,"21,91%",4 535 597,"14,29%",8395,"0,053%",7090,962,264,71,6659,1732,17 158 810,16 497 170,13 495,15 789 525,9 006 000,6 760 000,10 369,924 600,1 500 000,2 200 000,2 400 000,3 800 000,2 100 000,2 800 000,10 400,1 287 784,350 645,797 377,206 358,815 271,240 760,421 619,118 250,1 047 473,282 662,1 275 576,346 261,2 379 801,664 144,404 475,102 124,799 432,237 748,517 534,143 693,1 055 375,276 067,1 858 075,493 366,445 142,116 745,535 169,147 787,1 365 639,367 829,733 801,184 333,
17.05.2021,15 879 467,103 437,11 556 822,"36,40%",6 979 121,"21,98%",4 577 701,"14,42%",8419,"0,053%",7109,965,266,71,6673,1742,17 158 810,16 497 170,13 495,15 892 962,9 059 000,6 809 000,10 564,945 500,1 500 000,2 200 000,2 400 000,3 800 000,2 100 000,2 800 000,10 600,1 297 818,353 081,801 667,207 480,817 538,241 292,423 382,118 816,1 053 533,284 563,1 284 058,349 534,2 404 933,673 206,406 826,102 391,805 657,240 199,521 066,146 133,1 058 697,277 507,1 871 801,498 651,446 507,117 064,537 458,148 899,1 371 585,369 509,740 452,188 176,
18.05.2021,16 043 547,164 080,11 664 606,"36,74%",7 022 596,"22,12%",4 642 010,"14,62%",8534,"0,053%",7207,978,270,71,6743,1787,18 618 220,17 008 560,14 472,16 058 019,9 144 000,6 888 000,10 965,980 600,1 600 000,2 200 000,2 500 000,3 800 000,2 100 000,2 800 000,11 000,1 312 458,358 471,807 876,209 232,824 175,244 409,428 127,120 210,1 062 368,286 992,1 299 857,355 141,2 430 613,682 127,411 761,103 290,813 209,243 006,524 891,147 752,1 072 826,280 666,1 893 731,507 103,450 407,118 418,542 240,150 740,1 382 907,373 101,749 185,192 076,
19.05.2021,16 372 436,328 889,11 868 779,"37,39%",7 074 445,"22,29%",4 794 334,"15,10%",8662,"0,053%",7315,994,274,71,6822,1836,18 618 220,17 008 560,14 472,16 386 908,9 318 000,7 043 000,11 265,1 000 000,1 600 000,2 300 000,2 500 000,3 900 000,2 100 000,2 900 000,11 300,1 340 692,368 770,827 446,215 509,839 965,250 998,435 580,123 396,1 085 416,295 473,1 324 802,365 207,2 476 219,700 386,418 946,105 934,826 504,248 727,533 616,151 028,1 096 732,288 317,1 936 603,523 192,460 797,121 703,553 559,155 401,1 412 420,384 425,764 645,198 427,
20.05.2021,16 812 136,439 700,12 125 653,"38,20%",7 130 446,"22,46%",4 995 207,"15,74%",8812,"0,052%",7437,1012,284,71,6906,1902,18 920 620,18 814 060,16 055,16 828 191,9 551 000,7 250 000,11 434,1 100 000,1 700 000,2 400 000,2 600 000,4 000 000,2 200 000,2 900 000,11 400,1 381 390,384 938,854 661,226 117,861 669,261 376,468 960,131 440,1 116 171,308 422,1 359 990,378 956,2 548 464,730 291,430 536,110 095,844 442,257 105,545 940,157 068,1 122 858,298 605,1 993 943,544 276,473 753,126 952,568 700,161 680,1 454 815,400 943,785 779,208 208,
21.05.2021,17 254 902,442 766,12 369 238,"38,96%",7 146 808,"22,51%",5 222 430,"16,45%",8964,"0,052%",7572,1023,289,72,7006,1954,18 920 620,18 814 060,16 055,17 270 957,9 784 000,7 459 000,11 877,1 100 000,1 700 000,2 400 000,2 700 000,4 100 000,2 200 000,2 900 000,11 900,1 419 560,402 101,876 886,235 804,883 545,272 261,479 738,135 981,1 147 165,321 549,1 395 735,395 108,2 615 565,760 386,440 656,114 385,863 389,267 297,559 286,163 115,1 150 865,313 676,2 051 442,569 177,485 824,132 280,582 175,167 413,1 497 065,417 733,805 941,217 386,
22.05.2021,17 620 338,365 436,12 577 946,"39,62%",7 167 347,"22,58%",5 410 599,"17,04%",9101,"0,052%",7685,1039,297,72,7093,2004,18 920 620,18 814 060,16 055,17 636 393,9 972 000,7 636 000,12 418,1 200 000,1 800 000,2 500 000,2 700 000,4 200 000,2 200 000,2 900 000,12 400,1 452 760,415 179,895 925,242 906,900 197,279 602,489 687,140 861,1 173 230,332 094,1 424 701,407 629,2 673 852,784 848,448 465,117 778,879 112,275 341,570 716,168 847,1 174 261,325 976,2 095 868,588 854,496 458,136 353,592 459,171 555,1 529 175,430 346,823 407,224 211,
23.05.2021,17 866 586,246 248,12 710 402,"40,04%",7 156 724,"22,54%",5 553 678,"17,49%",9155,"0,051%",7732,1044,299,72,7126,2025,18 920 620,18 814 060,16 055,17 882 641,10 098 000,7 756 000,12 735,1 200 000,1 800 000,2 500 000,2 800 000,4 300 000,2 300 000,2 900 000,12 700,1 468 444,421 192,907 118,247 111,906 769,282 755,496 592,142 934,1 187 304,338 172,1 447 758,419 495,2 726 372,807 029,452 679,119 217,890 594,280 522,577 768,173 568,1 190 511,335 308,2 123 305,602 881,503 178,139 196,598 276,174 488,1 553 257,442 263,836 596,230 041,
24.05.2021,17 941 112,74 526,12 748 812,"40,16%",7 151 647,"22,53%",5 597 165,"17,63%",9171,"0,051%",7744,1047,299,73,7133,2034,18 920 620,18 814 060,16 055,17 957 167,10 136 000,7 792 000,12 901,1 200 000,1 900 000,2 500 000,2 800 000,4 300 000,2 300 000,2 900 000,12 900,1 472 579,423 573,911 063,248 746,908 259,283 555,498 595,143 479,1 192 150,340 284,1 453 402,423 109,2 745 239,813 212,453 435,119 417,893 810,282 204,580 636,175 708,1 194 007,337 721,2 130 552,607 109,504 695,139 725,598 877,174 588,1 561 231,446 845,842 517,233 013,
25.05.2021,18 085 811,144 699,12 814 730,"40,37%",7 124 986,"22,44%",5 689 744,"17,92%",9288,"0,051%",7851,1055,300,74,7205,2079,18 920 620,18 814 060,16 055,18 101 866,10 208 000,7 865 000,13 149,1 300 000,1 900 000,2 600 000,2 800 000,4 300 000,2 300 000,2 900 000,13 100,1 485 942,430 869,919 840,253 635,914 810,287 621,501 540,144 978,1 200 297,344 327,1 465 785,428 908,2 768 078,824 996,456 413,121 353,899 035,285 303,585 405,178 765,1 202 186,342 323,2 146 717,617 084,508 141,141 670,603 771,177 094,1 574 826,453 494,852 920,238 646,
26.05.2021,18 389 807,303 996,12 960 092,"40,83%",7 104 392,"22,38%",5 855 700,"18,45%",9320,"0,051%",7877,1058,302,75,7227,2089,20 382 130,19 831 060,17 357,18 407 164,10 367 000,8 010 000,13 428,1 300 000,1 900 000,2 600 000,2 900 000,4 400 000,2 300 000,2 900 000,13 400,1 511 890,443 388,939 524,262 344,929 022,294 761,509 386,149 362,1 221 897,355 348,1 489 294,440 882,2 813 484,849 641,463 208,125 577,909 939,291 993,593 880,183 822,1 218 891,351 884,2 186 736,635 963,517 328,146 291,613 234,182 307,1 602 431,467 489,869 558,248 648,
27.05.2021,18 785 240,395 433,13 145 222,"41,41%",7 074 155,"22,28%",6 071 067,"19,12%",9505,"0,051%",8044,1074,306,76,7355,2146,20 382 130,19 831 060,17 357,18 802 597,10 575 000,8 196 000,13 811,1 300 000,2 000 000,2 700 000,3 000 000,4 500 000,2 300 000,3 000 000,13 800,1 545 339,460 484,958 953,273 257,947 341,305 210,519 863,154 525,1 248 558,369 058,1 521 687,457 166,2 873 467,881 098,472 553,130 703,925 137,301 689,605 085,191 374,1 244 043,364 424,2 237 465,661 616,528 619,152 703,627 099,190 124,1 641 164,486 016,888 751,260 553,
28.05.2021,19 175 171,389 931,13 302 965,"41,91%",6 994 562,"22,03%",6 308 403,"19,87%",9627,"0,050%",8141,1084,315,77,7432,2191,20 382 130,19 831 060,17 357,19 192 528,10 780 000,8 381 000,14 222,1 400 000,2 000 000,2 700 000,3 100 000,4 600 000,2 300 000,3 000 000,14 200,1 577 352,481 341,979 197,286 077,964 553,316 098,529 919,159 922,1 274 360,383 702,1 552 358,475 291,2 932 337,914 872,481 732,135 965,939 785,310 971,616 835,199 332,1 270 033,379 795,2 288 322,690 517,539 144,159 073,640 492,197 582,1 679 563,507 729,909 030,273 908,
29.05.2021,19 525 032,349 861,13 451 439,"42,37%",6 888 542,"21,70%",6 562 897,"20,67%",9735,"0,050%",8222,1104,320,78,7499,2232,20 382 130,19 831 060,17 357,19 542 389,10 958 000,8 552 000,14 594,1 400 000,2 100 000,2 800 000,3 200 000,4 600 000,2 400 000,3 000 000,14 600,1 607 728,496 441,999 604,297 477,979 017,324 972,539 639,166 029,1 296 658,396 514,1 583 040,492 125,2 985 795,943 883,490 334,142 369,952 891,320 154,625 958,205 096,1 289 978,391 490,2 331 556,712 974,549 682,165 263,652 090,204 889,1 713 546,528 335,927 348,285 544,
30.05.2021,19 807 955,282 923,13 580 235,"42,78%",6 793 674,"21,40%",6 786 561,"21,38%",9769,"0,049%",8245,1111,324,78,7522,2243,20 382 130,19 831 060,17 357,19 825 312,11 100 000,8 693 000,15 028,1 500 000,2 100 000,2 900 000,3 200 000,4 700 000,2 400 000,3 000 000,15 000,1 632 153,507 809,1 014 136,304 207,986 444,329 634,546 764,169 179,1 315 658,406 299,1 611 363,508 453,3 039 518,971 291,496 177,145 674,963 815,328 174,631 583,209 274,1 305 872,401 740,2 366 704,731 745,557 803,169 600,658 864,208 819,1 739 629,543 490,941 216,292 207,
31.05.2021,19 909 052,101 097,13 633 827,"42,95%",6 765 007,"21,31%",6 868 820,"21,64%",9786,"0,049%",,,,,,,20 382 130,19 831 060,17 357,19 926 409,11 149 000,8 744 000,15 212,1 500 000,2 100 000,2 900 000,3 200 000,4 700 000,2 400 000,3 000 000,15 200,1 645 094,514 243,1 020 069,306 963,989 106,331 204,548 674,169 946,1 322 458,409 248,1 618 848,511 949,3 061 836,979 496,497 462,146 156,966 595,329 729,633 698,210 540,1 310 478,404 913,2 379 257,737 535,558 858,169 729,660 204,209 787,1 750 488,549 125,945 671,294 537,"Informacje o liczbie dawek szczepionki są aktualizowane w raportach zbyt rzadko (raz na tydzień?), stąd błąd w danych gdzie liczba szczepień > liczba szczepionek w punktach."
1.06.2021,20 084 619,175 567,13 707 350,"43,18%",6 688 201,"21,07%",7 019 149,"22,11%",9879,"0,049%",,,,,,,23 613 160,22 523 590,19 047,20 103 666,11 236 000,8 833 000,15 553,1 500 000,2 200 000,2 900 000,3 300 000,4 700 000,2 400 000,3 000 000,15 600,1 661 827,524 783,1 029 589,312 263,995 428,335 012,551 907,172 167,1 330 869,413 964,1 633 993,520 319,3 092 986,994 201,501 223,149 303,972 517,334 023,637 674,213 430,1 324 858,414 513,2 400 127,748 490,562 757,171 933,665 522,213 624,1 767 113,558 339,955 973,300 780,
2.06.2021,20 536 042,451 423,13 896 798,"43,78%",6 596 495,"20,78%",7 300 303,"23,00%",9942,"0,048%",,,,,,,23 613 160,22 523 590,19 047,20 555 089,11 469 000,9 051 000,15 901,1 600 000,2 200 000,3 000 000,3 400 000,4 800 000,2 400 000,3 000 000,15 900,1 698 981,546 386,1 055 932,325 845,1 016 895,347 735,564 040,179 111,1 362 278,432 920,1 668 722,539 730,3 159 454,1 029 509,512 370,156 572,990 115,346 005,649 960,222 151,1 354 032,434 678,2 461 337,781 795,577 177,180 511,680 649,222 382,1 807 659,580 522,976 184,313 266,
3.06.2021,21 174 546,638 504,14 145 161,"44,56%",6 444 839,"20,30%",7 700 322,"24,26%",10054,"0,047%",,,,,,,24 478 260,23 327 950,19 327,21 193 873,11 802 000,9 356 000,16 792,1 600 000,2 300 000,3 200 000,3 500 000,5 000 000,2 400 000,3 100 000,16 800,1 751 313,579 170,1 093 430,348 019,1 048 304,368 068,580 939,190 011,1 404 812,460 753,1 722 185,570 833,3 259 639,1 083 563,528 430,167 951,1 015 394,363 775,668 033,235 140,1 393 563,462 791,2 545 757,829 327,594 977,191 743,702 551,235 270,1 861 828,612 293,1 003 134,330 552,
4.06.2021,21 326 996,152 450,14 224 874,"44,81%",6 447 826,"20,31%",7 777 048,"24,50%",10078,"0,047%",,,,,,,24 478 260,23 327 950,19 327,21 346 323,11 879 000,9 431 000,17 116,1 700 000,2 300 000,3 200 000,3 500 000,5 000 000,2 400 000,3 100 000,17 100,1 762 516,583 940,1 102 244,351 095,1 050 398,369 464,585 918,193 046,1 412 605,464 870,1 729 985,572 856,3 291 062,1 094 421,533 017,171 068,1 022 143,368 565,672 639,238 507,1 404 750,471 040,2 569 813,840 369,598 292,193 440,705 517,236 493,1 874 037,617 110,1 011 548,335 711,
5.06.2021,21 753 938,426 942,14 400 079,"45,36%",6 360 198,"20,04%",8 039 881,"25,33%",10149,"0,047%",,,,,,,24 478 260,23 327 950,19 327,21 773 265,12 096 000,9 640 000,17 933,1 700 000,2 400 000,3 300 000,3 600 000,5 100 000,2 500 000,3 100 000,17 900,1 792 526,599 815,1 126 020,364 418,1 071 360,382 744,598 242,200 505,1 439 937,482 879,1 768 546,594 108,3 353 020,1 125 116,542 739,178 751,1 038 824,380 568,684 899,247 906,1 436 546,492 838,2 622 326,871 493,612 820,202 163,719 107,244 451,1 915 229,637 987,1 031 152,347 984,"W raporcie liczba NOPów wynosi 100 149, co jest oczywistym błędem, toteż przyjmuję wartość właściwą jako 10 149, co zgadza się z raportem szczegółowym."
6.06.2021,22 025 871,271 933,14 551 620,"45,84%",6 381 874,"20,10%",8 169 746,"25,74%",10180,"0,046%",,,,,,,24 478 260,23 327 950,19 327,22 045 198,12 234 000,9 773 000,18 597,1 800 000,2 400 000,3 400 000,3 600 000,5 100 000,2 500 000,3 100 000,18 600,1 807 164,606 529,1 140 587,368 852,1 079 872,386 711,606 589,203 966,1 457 891,491 123,1 798 421,604 603,3 400 569,1 142 642,549 681,183 760,1 050 866,389 347,690 123,251 368,1 453 493,499 923,2 657 962,889 246,621 101,206 288,725 833,247 157,1 941 366,648 505,1 043 708,354 098,
7.06.2021,22 134 362,108 491,14 613 790,"46,03%",6 390 264,"20,13%",8 223 526,"25,90%",10204,"0,046%",,,,,,,24 478 260,23 327 950,19 327,22 153 689,12 289 000,9 827 000,18 827,1 800 000,2 500 000,3 400 000,3 700 000,5 100 000,2 500 000,3 100 000,18 800,1 811 478,608 326,1 145 930,371 014,1 082 730,387 828,609 260,205 001,1 465 399,495 188,1 808 408,606 854,3 424 583,1 149 946,553 998,187 279,1 056 573,394 137,692 884,253 228,1 457 714,501 896,2 671 144,895 747,623 291,206 952,729 151,248 169,1 953 458,652 461,1 047 716,356 413,